,X,Y,taxon,date,abundance,value,ID,old_ID,variable
0,679191,9961529,Baetidae,nan,1,22.94,0,99,Temperature
1,679191,9961529,Baetidae,nan,1,93,0,99,Conductivity
2,679191,9961529,Baetidae,nan,1,7.51,0,99,pH
3,679191,9961529,Baetidae,nan,1,1.26,0,99,Chlorophyll
4,679191,9961529,Baetidae,nan,1,1.31,0,99,Cl-
5,679191,9961529,Baetidae,nan,1,7.8,0,99,DO
6,679191,9961529,Baetidae,nan,1,0.8,0,99,Turbidity
7,679191,9961529,Baetidae,nan,1,13.8,0,99,COD
8,679191,9961529,Baetidae,nan,1,0.33,0,99,NO3--N
9,679191,9961529,Baetidae,nan,1,0.05,0,99,NH4+-N
10,679191,9961529,Baetidae,nan,1,0.06,0,99,velocity
11,679191,9961529,Baetidae,nan,1,198,0,99,Elevation
12,650382,9814851,Baetidae,nan,3,27.01,1,47,Temperature
13,650382,9814851,Baetidae,nan,3,332,1,47,Conductivity
14,650382,9814851,Baetidae,nan,3,7.03,1,47,pH
15,650382,9814851,Baetidae,nan,3,5.25,1,47,Chlorophyll
16,650382,9814851,Baetidae,nan,3,0.95,1,47,Cl-
17,650382,9814851,Baetidae,nan,3,5.13,1,47,DO
18,650382,9814851,Baetidae,nan,3,1.5,1,47,Turbidity
19,650382,9814851,Baetidae,nan,3,36.8,1,47,COD
20,650382,9814851,Baetidae,nan,3,0.23,1,47,NO3--N
21,650382,9814851,Baetidae,nan,3,1.1,1,47,NH4+-N
22,650382,9814851,Baetidae,nan,3,0,1,47,velocity
23,650382,9814851,Baetidae,nan,3,9,1,47,Elevation
24,679454,9970238,Baetidae,nan,3,25.05,2,102,Temperature
25,679454,9970238,Baetidae,nan,3,124.67,2,102,Conductivity
26,679454,9970238,Baetidae,nan,3,8.15,2,102,pH
27,679454,9970238,Baetidae,nan,3,1.9,2,102,Chlorophyll
28,679454,9970238,Baetidae,nan,3,1.96,2,102,Cl-
29,679454,9970238,Baetidae,nan,3,8.24,2,102,DO
30,679454,9970238,Baetidae,nan,3,1.35,2,102,Turbidity
31,679454,9970238,Baetidae,nan,3,15.3,2,102,COD
32,679454,9970238,Baetidae,nan,3,0.58,2,102,NO3--N
33,679454,9970238,Baetidae,nan,3,0.03,2,102,NH4+-N
34,679454,9970238,Baetidae,nan,3,0.5,2,102,velocity
35,679454,9970238,Baetidae,nan,3,200,2,102,Elevation
36,698343,9826923,Baetidae,nan,5,21.38,3,14,Temperature
37,698343,9826923,Baetidae,nan,5,67,3,14,Conductivity
38,698343,9826923,Baetidae,nan,5,8.06,3,14,pH
39,698343,9826923,Baetidae,nan,5,1.17,3,14,Chlorophyll
40,698343,9826923,Baetidae,nan,5,1.21,3,14,Cl-
41,698343,9826923,Baetidae,nan,5,8.44,3,14,DO
42,698343,9826923,Baetidae,nan,5,0.2,3,14,Turbidity
43,698343,9826923,Baetidae,nan,5,5,3,14,COD
44,698343,9826923,Baetidae,nan,5,0.23,3,14,NO3--N
45,698343,9826923,Baetidae,nan,5,0.03,3,14,NH4+-N
46,698343,9826923,Baetidae,nan,5,0.8,3,14,velocity
47,698343,9826923,Baetidae,nan,5,600,3,14,Elevation
48,662025,9811606,Baetidae,nan,8,26.08,4,48,Temperature
49,662025,9811606,Baetidae,nan,8,462,4,48,Conductivity
50,662025,9811606,Baetidae,nan,8,6.85,4,48,pH
51,662025,9811606,Baetidae,nan,8,5.63,4,48,Chlorophyll
52,662025,9811606,Baetidae,nan,8,55.84,4,48,Cl-
53,662025,9811606,Baetidae,nan,8,2.97,4,48,DO
54,662025,9811606,Baetidae,nan,8,7.4,4,48,Turbidity
55,662025,9811606,Baetidae,nan,8,34.1,4,48,COD
56,662025,9811606,Baetidae,nan,8,0.26,4,48,NO3--N
57,662025,9811606,Baetidae,nan,8,1.26,4,48,NH4+-N
58,662025,9811606,Baetidae,nan,8,0,4,48,velocity
59,662025,9811606,Baetidae,nan,8,5,4,48,Elevation
60,679191,9961529,Baetidae,nan,1,22.94,5,99,Temperature
61,679191,9961529,Baetidae,nan,1,93,5,99,Conductivity
62,679191,9961529,Baetidae,nan,1,7.51,5,99,pH
63,679191,9961529,Baetidae,nan,1,1.26,5,99,Chlorophyll
64,679191,9961529,Baetidae,nan,1,1.31,5,99,Cl-
65,679191,9961529,Baetidae,nan,1,7.8,5,99,DO
66,679191,9961529,Baetidae,nan,1,0.8,5,99,Turbidity
67,679191,9961529,Baetidae,nan,1,13.8,5,99,COD
68,679191,9961529,Baetidae,nan,1,0.33,5,99,NO3--N
69,679191,9961529,Baetidae,nan,1,0.05,5,99,NH4+-N
70,679191,9961529,Baetidae,nan,1,0.06,5,99,velocity
71,679191,9961529,Baetidae,nan,1,198,5,99,Elevation
72,642033,9886348,Baetidae,nan,7,24.43,6,52,Temperature
73,642033,9886348,Baetidae,nan,7,256,6,52,Conductivity
74,642033,9886348,Baetidae,nan,7,7.07,6,52,pH
75,642033,9886348,Baetidae,nan,7,4.68,6,52,Chlorophyll
76,642033,9886348,Baetidae,nan,7,1.9,6,52,Cl-
77,642033,9886348,Baetidae,nan,7,1.97,6,52,DO
78,642033,9886348,Baetidae,nan,7,2.53,6,52,Turbidity
79,642033,9886348,Baetidae,nan,7,19.52,6,52,COD
80,642033,9886348,Baetidae,nan,7,0.23,6,52,NO3--N
81,642033,9886348,Baetidae,nan,7,0.13,6,52,NH4+-N
82,642033,9886348,Baetidae,nan,7,0,6,52,velocity
83,642033,9886348,Baetidae,nan,7,42,6,52,Elevation
84,685948,9764845,Baetidae,nan,1,25.03,7,37,Temperature
85,685948,9764845,Baetidae,nan,1,273.2,7,37,Conductivity
86,685948,9764845,Baetidae,nan,1,7.58,7,37,pH
87,685948,9764845,Baetidae,nan,1,1.2,7,37,Chlorophyll
88,685948,9764845,Baetidae,nan,1,2.93,7,37,Cl-
89,685948,9764845,Baetidae,nan,1,7.14,7,37,DO
90,685948,9764845,Baetidae,nan,1,0.93,7,37,Turbidity
91,685948,9764845,Baetidae,nan,1,22.2,7,37,COD
92,685948,9764845,Baetidae,nan,1,0.95,7,37,NO3--N
93,685948,9764845,Baetidae,nan,1,0.03,7,37,NH4+-N
94,685948,9764845,Baetidae,nan,1,0.2,7,37,velocity
95,685948,9764845,Baetidae,nan,1,81,7,37,Elevation
96,688300,9781411,Baetidae,nan,4,24.83,8,40,Temperature
97,688300,9781411,Baetidae,nan,4,208,8,40,Conductivity
98,688300,9781411,Baetidae,nan,4,7.7,8,40,pH
99,688300,9781411,Baetidae,nan,4,2.68,8,40,Chlorophyll
100,688300,9781411,Baetidae,nan,4,2.11,8,40,Cl-
101,688300,9781411,Baetidae,nan,4,7.71,8,40,DO
102,688300,9781411,Baetidae,nan,4,2.57,8,40,Turbidity
103,688300,9781411,Baetidae,nan,4,26.1,8,40,COD
104,688300,9781411,Baetidae,nan,4,0.81,8,40,NO3--N
105,688300,9781411,Baetidae,nan,4,0.03,8,40,NH4+-N
106,688300,9781411,Baetidae,nan,4,0.06,8,40,velocity
107,688300,9781411,Baetidae,nan,4,47,8,40,Elevation
108,638001,9827048,Baetidae,nan,1,26.21,9,45,Temperature
109,638001,9827048,Baetidae,nan,1,136.25,9,45,Conductivity
110,638001,9827048,Baetidae,nan,1,7.76,9,45,pH
111,638001,9827048,Baetidae,nan,1,2.48,9,45,Chlorophyll
112,638001,9827048,Baetidae,nan,1,3.55,9,45,Cl-
113,638001,9827048,Baetidae,nan,1,7.56,9,45,DO
114,638001,9827048,Baetidae,nan,1,1.63,9,45,Turbidity
115,638001,9827048,Baetidae,nan,1,17.2,9,45,COD
116,638001,9827048,Baetidae,nan,1,0.23,9,45,NO3--N
117,638001,9827048,Baetidae,nan,1,0.05,9,45,NH4+-N
118,638001,9827048,Baetidae,nan,1,0.2,9,45,velocity
119,638001,9827048,Baetidae,nan,1,19,9,45,Elevation
120,634440,9899731,Baetidae,nan,3,27.86,10,91,Temperature
121,634440,9899731,Baetidae,nan,3,89,10,91,Conductivity
122,634440,9899731,Baetidae,nan,3,7.76,10,91,pH
123,634440,9899731,Baetidae,nan,3,25.43,10,91,Chlorophyll
124,634440,9899731,Baetidae,nan,3,2.19,10,91,Cl-
125,634440,9899731,Baetidae,nan,3,9.05,10,91,DO
126,634440,9899731,Baetidae,nan,3,9.52,10,91,Turbidity
127,634440,9899731,Baetidae,nan,3,9.04,10,91,COD
128,634440,9899731,Baetidae,nan,3,0.23,10,91,NO3--N
129,634440,9899731,Baetidae,nan,3,0.22,10,91,NH4+-N
130,634440,9899731,Baetidae,nan,3,0,10,91,velocity
131,634440,9899731,Baetidae,nan,3,80,10,91,Elevation
132,705744,9802662,Baetidae,nan,2,19.04,11,62,Temperature
133,705744,9802662,Baetidae,nan,2,88,11,62,Conductivity
134,705744,9802662,Baetidae,nan,2,7.98,11,62,pH
135,705744,9802662,Baetidae,nan,2,1.28,11,62,Chlorophyll
136,705744,9802662,Baetidae,nan,2,0.53,11,62,Cl-
137,705744,9802662,Baetidae,nan,2,8.19,11,62,DO
138,705744,9802662,Baetidae,nan,2,1.05,11,62,Turbidity
139,705744,9802662,Baetidae,nan,2,5,11,62,COD
140,705744,9802662,Baetidae,nan,2,0.23,11,62,NO3--N
141,705744,9802662,Baetidae,nan,2,0.05,11,62,NH4+-N
142,705744,9802662,Baetidae,nan,2,0.5,11,62,velocity
143,705744,9802662,Baetidae,nan,2,1075,11,62,Elevation
144,687108,9857931,Baetidae,nan,17,25.48,12,115,Temperature
145,687108,9857931,Baetidae,nan,17,96,12,115,Conductivity
146,687108,9857931,Baetidae,nan,17,8.51,12,115,pH
147,687108,9857931,Baetidae,nan,17,3.03,12,115,Chlorophyll
148,687108,9857931,Baetidae,nan,17,1.17,12,115,Cl-
149,687108,9857931,Baetidae,nan,17,8.91,12,115,DO
150,687108,9857931,Baetidae,nan,17,0.98,12,115,Turbidity
151,687108,9857931,Baetidae,nan,17,5,12,115,COD
152,687108,9857931,Baetidae,nan,17,0.23,12,115,NO3--N
153,687108,9857931,Baetidae,nan,17,0.05,12,115,NH4+-N
154,687108,9857931,Baetidae,nan,17,0.45,12,115,velocity
155,687108,9857931,Baetidae,nan,17,91,12,115,Elevation
156,660135,9951898,Baetidae,nan,1,25,13,111,Temperature
157,660135,9951898,Baetidae,nan,1,125,13,111,Conductivity
158,660135,9951898,Baetidae,nan,1,8.66,13,111,pH
159,660135,9951898,Baetidae,nan,1,2.4,13,111,Chlorophyll
160,660135,9951898,Baetidae,nan,1,3.4,13,111,Cl-
161,660135,9951898,Baetidae,nan,1,9.59,13,111,DO
162,660135,9951898,Baetidae,nan,1,1.13,13,111,Turbidity
163,660135,9951898,Baetidae,nan,1,60,13,111,COD
164,660135,9951898,Baetidae,nan,1,0.23,13,111,NO3--N
165,660135,9951898,Baetidae,nan,1,0.08,13,111,NH4+-N
166,660135,9951898,Baetidae,nan,1,0.33,13,111,velocity
167,660135,9951898,Baetidae,nan,1,107,13,111,Elevation
168,638001,9827048,Baetidae,nan,1,26.21,14,45,Temperature
169,638001,9827048,Baetidae,nan,1,136.25,14,45,Conductivity
170,638001,9827048,Baetidae,nan,1,7.76,14,45,pH
171,638001,9827048,Baetidae,nan,1,2.48,14,45,Chlorophyll
172,638001,9827048,Baetidae,nan,1,3.55,14,45,Cl-
173,638001,9827048,Baetidae,nan,1,7.56,14,45,DO
174,638001,9827048,Baetidae,nan,1,1.63,14,45,Turbidity
175,638001,9827048,Baetidae,nan,1,17.2,14,45,COD
176,638001,9827048,Baetidae,nan,1,0.23,14,45,NO3--N
177,638001,9827048,Baetidae,nan,1,0.05,14,45,NH4+-N
178,638001,9827048,Baetidae,nan,1,0.2,14,45,velocity
179,638001,9827048,Baetidae,nan,1,19,14,45,Elevation
180,675727,9859882,Baetidae,nan,1,26.93,15,119,Temperature
181,675727,9859882,Baetidae,nan,1,122,15,119,Conductivity
182,675727,9859882,Baetidae,nan,1,8.22,15,119,pH
183,675727,9859882,Baetidae,nan,1,1.23,15,119,Chlorophyll
184,675727,9859882,Baetidae,nan,1,3.13,15,119,Cl-
185,675727,9859882,Baetidae,nan,1,8.63,15,119,DO
186,675727,9859882,Baetidae,nan,1,2.23,15,119,Turbidity
187,675727,9859882,Baetidae,nan,1,7.25,15,119,COD
188,675727,9859882,Baetidae,nan,1,0.23,15,119,NO3--N
189,675727,9859882,Baetidae,nan,1,0.05,15,119,NH4+-N
190,675727,9859882,Baetidae,nan,1,0.12,15,119,velocity
191,675727,9859882,Baetidae,nan,1,37,15,119,Elevation
192,671143,9840716,Baetidae,nan,62,25.46,16,112,Temperature
193,671143,9840716,Baetidae,nan,62,147,16,112,Conductivity
194,671143,9840716,Baetidae,nan,62,7.78,16,112,pH
195,671143,9840716,Baetidae,nan,62,1.23,16,112,Chlorophyll
196,671143,9840716,Baetidae,nan,62,6.02,16,112,Cl-
197,671143,9840716,Baetidae,nan,62,8,16,112,DO
198,671143,9840716,Baetidae,nan,62,1.8,16,112,Turbidity
199,671143,9840716,Baetidae,nan,62,7.26,16,112,COD
200,671143,9840716,Baetidae,nan,62,0.23,16,112,NO3--N
201,671143,9840716,Baetidae,nan,62,0.07,16,112,NH4+-N
202,671143,9840716,Baetidae,nan,62,0.4,16,112,velocity
203,671143,9840716,Baetidae,nan,62,19,16,112,Elevation
204,688228,9782851,Baetidae,nan,16,25.9,17,41,Temperature
205,688228,9782851,Baetidae,nan,16,103.33,17,41,Conductivity
206,688228,9782851,Baetidae,nan,16,7.54,17,41,pH
207,688228,9782851,Baetidae,nan,16,0.73,17,41,Chlorophyll
208,688228,9782851,Baetidae,nan,16,0.8,17,41,Cl-
209,688228,9782851,Baetidae,nan,16,7.72,17,41,DO
210,688228,9782851,Baetidae,nan,16,1.34,17,41,Turbidity
211,688228,9782851,Baetidae,nan,16,20.4,17,41,COD
212,688228,9782851,Baetidae,nan,16,0.23,17,41,NO3--N
213,688228,9782851,Baetidae,nan,16,0.04,17,41,NH4+-N
214,688228,9782851,Baetidae,nan,16,0.03,17,41,velocity
215,688228,9782851,Baetidae,nan,16,40,17,41,Elevation
216,652784,9903098,Baetidae,nan,15,26.51,18,78,Temperature
217,652784,9903098,Baetidae,nan,15,72,18,78,Conductivity
218,652784,9903098,Baetidae,nan,15,7.1,18,78,pH
219,652784,9903098,Baetidae,nan,15,8.14,18,78,Chlorophyll
220,652784,9903098,Baetidae,nan,15,2.83,18,78,Cl-
221,652784,9903098,Baetidae,nan,15,7.22,18,78,DO
222,652784,9903098,Baetidae,nan,15,3.66,18,78,Turbidity
223,652784,9903098,Baetidae,nan,15,,18,78,COD
224,652784,9903098,Baetidae,nan,15,0.23,18,78,NO3--N
225,652784,9903098,Baetidae,nan,15,0.02,18,78,NH4+-N
226,652784,9903098,Baetidae,nan,15,0,18,78,velocity
227,652784,9903098,Baetidae,nan,15,71,18,78,Elevation
228,660727,9947422,Baetidae,nan,1,25.35,19,110,Temperature
229,660727,9947422,Baetidae,nan,1,97.25,19,110,Conductivity
230,660727,9947422,Baetidae,nan,1,7.32,19,110,pH
231,660727,9947422,Baetidae,nan,1,2.25,19,110,Chlorophyll
232,660727,9947422,Baetidae,nan,1,3.07,19,110,Cl-
233,660727,9947422,Baetidae,nan,1,6.59,19,110,DO
234,660727,9947422,Baetidae,nan,1,6.38,19,110,Turbidity
235,660727,9947422,Baetidae,nan,1,14.9,19,110,COD
236,660727,9947422,Baetidae,nan,1,0.58,19,110,NO3--N
237,660727,9947422,Baetidae,nan,1,0.13,19,110,NH4+-N
238,660727,9947422,Baetidae,nan,1,0,19,110,velocity
239,660727,9947422,Baetidae,nan,1,135,19,110,Elevation
240,703765,9803864,Baetidae,nan,2,20.73,20,61,Temperature
241,703765,9803864,Baetidae,nan,2,126,20,61,Conductivity
242,703765,9803864,Baetidae,nan,2,8.06,20,61,pH
243,703765,9803864,Baetidae,nan,2,1.27,20,61,Chlorophyll
244,703765,9803864,Baetidae,nan,2,0.85,20,61,Cl-
245,703765,9803864,Baetidae,nan,2,8.11,20,61,DO
246,703765,9803864,Baetidae,nan,2,1.43,20,61,Turbidity
247,703765,9803864,Baetidae,nan,2,5,20,61,COD
248,703765,9803864,Baetidae,nan,2,0.23,20,61,NO3--N
249,703765,9803864,Baetidae,nan,2,0.04,20,61,NH4+-N
250,703765,9803864,Baetidae,nan,2,0.4,20,61,velocity
251,703765,9803864,Baetidae,nan,2,866,20,61,Elevation
252,633405,9898770,Baetidae,nan,1,27.92,21,92,Temperature
253,633405,9898770,Baetidae,nan,1,109,21,92,Conductivity
254,633405,9898770,Baetidae,nan,1,7.21,21,92,pH
255,633405,9898770,Baetidae,nan,1,17.13,21,92,Chlorophyll
256,633405,9898770,Baetidae,nan,1,2.06,21,92,Cl-
257,633405,9898770,Baetidae,nan,1,6.58,21,92,DO
258,633405,9898770,Baetidae,nan,1,8.3,21,92,Turbidity
259,633405,9898770,Baetidae,nan,1,10.36,21,92,COD
260,633405,9898770,Baetidae,nan,1,0.63,21,92,NO3--N
261,633405,9898770,Baetidae,nan,1,0.63,21,92,NH4+-N
262,633405,9898770,Baetidae,nan,1,0,21,92,velocity
263,633405,9898770,Baetidae,nan,1,78,21,92,Elevation
264,612711,9810720,Baetidae,nan,1,26.68,22,49,Temperature
265,612711,9810720,Baetidae,nan,1,94,22,49,Conductivity
266,612711,9810720,Baetidae,nan,1,7.18,22,49,pH
267,612711,9810720,Baetidae,nan,1,2.7,22,49,Chlorophyll
268,612711,9810720,Baetidae,nan,1,1.76,22,49,Cl-
269,612711,9810720,Baetidae,nan,1,6.29,22,49,DO
270,612711,9810720,Baetidae,nan,1,6.8,22,49,Turbidity
271,612711,9810720,Baetidae,nan,1,,22,49,COD
272,612711,9810720,Baetidae,nan,1,0.44,22,49,NO3--N
273,612711,9810720,Baetidae,nan,1,0.17,22,49,NH4+-N
274,612711,9810720,Baetidae,nan,1,0.2,22,49,velocity
275,612711,9810720,Baetidae,nan,1,26,22,49,Elevation
276,630387,9886688,Baetidae,nan,43,25.71,23,50,Temperature
277,630387,9886688,Baetidae,nan,43,375,23,50,Conductivity
278,630387,9886688,Baetidae,nan,43,8.2,23,50,pH
279,630387,9886688,Baetidae,nan,43,4.6,23,50,Chlorophyll
280,630387,9886688,Baetidae,nan,43,8.01,23,50,Cl-
281,630387,9886688,Baetidae,nan,43,9.79,23,50,DO
282,630387,9886688,Baetidae,nan,43,0.4,23,50,Turbidity
283,630387,9886688,Baetidae,nan,43,26.8,23,50,COD
284,630387,9886688,Baetidae,nan,43,0.23,23,50,NO3--N
285,630387,9886688,Baetidae,nan,43,0.19,23,50,NH4+-N
286,630387,9886688,Baetidae,nan,43,0,23,50,velocity
287,630387,9886688,Baetidae,nan,43,62,23,50,Elevation
288,660135,9951898,Baetidae,nan,1,25,24,111,Temperature
289,660135,9951898,Baetidae,nan,1,125,24,111,Conductivity
290,660135,9951898,Baetidae,nan,1,8.66,24,111,pH
291,660135,9951898,Baetidae,nan,1,2.4,24,111,Chlorophyll
292,660135,9951898,Baetidae,nan,1,3.4,24,111,Cl-
293,660135,9951898,Baetidae,nan,1,9.59,24,111,DO
294,660135,9951898,Baetidae,nan,1,1.13,24,111,Turbidity
295,660135,9951898,Baetidae,nan,1,60,24,111,COD
296,660135,9951898,Baetidae,nan,1,0.23,24,111,NO3--N
297,660135,9951898,Baetidae,nan,1,0.08,24,111,NH4+-N
298,660135,9951898,Baetidae,nan,1,0.33,24,111,velocity
299,660135,9951898,Baetidae,nan,1,107,24,111,Elevation
300,682196,9762955,Baetidae,nan,11,25.57,25,26,Temperature
301,682196,9762955,Baetidae,nan,11,334.5,25,26,Conductivity
302,682196,9762955,Baetidae,nan,11,7.32,25,26,pH
303,682196,9762955,Baetidae,nan,11,3.55,25,26,Chlorophyll
304,682196,9762955,Baetidae,nan,11,2.64,25,26,Cl-
305,682196,9762955,Baetidae,nan,11,4.17,25,26,DO
306,682196,9762955,Baetidae,nan,11,2.2,25,26,Turbidity
307,682196,9762955,Baetidae,nan,11,5.2,25,26,COD
308,682196,9762955,Baetidae,nan,11,0.23,25,26,NO3--N
309,682196,9762955,Baetidae,nan,11,0.02,25,26,NH4+-N
310,682196,9762955,Baetidae,nan,11,0,25,26,velocity
311,682196,9762955,Baetidae,nan,11,71,25,26,Elevation
312,585079,9823896,Baetidae,nan,10,32.22,26,22,Temperature
313,585079,9823896,Baetidae,nan,10,688,26,22,Conductivity
314,585079,9823896,Baetidae,nan,10,8.42,26,22,pH
315,585079,9823896,Baetidae,nan,10,3.08,26,22,Chlorophyll
316,585079,9823896,Baetidae,nan,10,6.96,26,22,Cl-
317,585079,9823896,Baetidae,nan,10,7.06,26,22,DO
318,585079,9823896,Baetidae,nan,10,10.1,26,22,Turbidity
319,585079,9823896,Baetidae,nan,10,12.6,26,22,COD
320,585079,9823896,Baetidae,nan,10,0.23,26,22,NO3--N
321,585079,9823896,Baetidae,nan,10,0.02,26,22,NH4+-N
322,585079,9823896,Baetidae,nan,10,0.2,26,22,velocity
323,585079,9823896,Baetidae,nan,10,56,26,22,Elevation
324,681018,9957318,Baetidae,nan,3,23.68,27,98,Temperature
325,681018,9957318,Baetidae,nan,3,173,27,98,Conductivity
326,681018,9957318,Baetidae,nan,3,8.25,27,98,pH
327,681018,9957318,Baetidae,nan,3,4,27,98,Chlorophyll
328,681018,9957318,Baetidae,nan,3,17.7,27,98,Cl-
329,681018,9957318,Baetidae,nan,3,8.95,27,98,DO
330,681018,9957318,Baetidae,nan,3,0.83,27,98,Turbidity
331,681018,9957318,Baetidae,nan,3,18.2,27,98,COD
332,681018,9957318,Baetidae,nan,3,0.64,27,98,NO3--N
333,681018,9957318,Baetidae,nan,3,0.07,27,98,NH4+-N
334,681018,9957318,Baetidae,nan,3,0.27,27,98,velocity
335,681018,9957318,Baetidae,nan,3,208,27,98,Elevation
336,645126,9885371,Baetidae,nan,6,25.64,28,32,Temperature
337,645126,9885371,Baetidae,nan,6,83,28,32,Conductivity
338,645126,9885371,Baetidae,nan,6,6.75,28,32,pH
339,645126,9885371,Baetidae,nan,6,3.07,28,32,Chlorophyll
340,645126,9885371,Baetidae,nan,6,2.37,28,32,Cl-
341,645126,9885371,Baetidae,nan,6,6.49,28,32,DO
342,645126,9885371,Baetidae,nan,6,1.15,28,32,Turbidity
343,645126,9885371,Baetidae,nan,6,31.2,28,32,COD
344,645126,9885371,Baetidae,nan,6,0.25,28,32,NO3--N
345,645126,9885371,Baetidae,nan,6,0.25,28,32,NH4+-N
346,645126,9885371,Baetidae,nan,6,0.5,28,32,velocity
347,645126,9885371,Baetidae,nan,6,22,28,32,Elevation
348,641521,9829716,Baetidae,nan,25,27.01,29,46,Temperature
349,641521,9829716,Baetidae,nan,25,326,29,46,Conductivity
350,641521,9829716,Baetidae,nan,25,7.18,29,46,pH
351,641521,9829716,Baetidae,nan,25,9.79,29,46,Chlorophyll
352,641521,9829716,Baetidae,nan,25,4.23,29,46,Cl-
353,641521,9829716,Baetidae,nan,25,3.69,29,46,DO
354,641521,9829716,Baetidae,nan,25,4.53,29,46,Turbidity
355,641521,9829716,Baetidae,nan,25,37,29,46,COD
356,641521,9829716,Baetidae,nan,25,0.27,29,46,NO3--N
357,641521,9829716,Baetidae,nan,25,0.74,29,46,NH4+-N
358,641521,9829716,Baetidae,nan,25,0,29,46,velocity
359,641521,9829716,Baetidae,nan,25,27,29,46,Elevation
360,646789,9911341,Baetidae,nan,10,29.74,30,73,Temperature
361,646789,9911341,Baetidae,nan,10,81,30,73,Conductivity
362,646789,9911341,Baetidae,nan,10,7.46,30,73,pH
363,646789,9911341,Baetidae,nan,10,6.92,30,73,Chlorophyll
364,646789,9911341,Baetidae,nan,10,1.98,30,73,Cl-
365,646789,9911341,Baetidae,nan,10,8.55,30,73,DO
366,646789,9911341,Baetidae,nan,10,4.08,30,73,Turbidity
367,646789,9911341,Baetidae,nan,10,22.5,30,73,COD
368,646789,9911341,Baetidae,nan,10,0.23,30,73,NO3--N
369,646789,9911341,Baetidae,nan,10,0.03,30,73,NH4+-N
370,646789,9911341,Baetidae,nan,10,0,30,73,velocity
371,646789,9911341,Baetidae,nan,10,87,30,73,Elevation
372,638001,9827048,Baetidae,nan,1,26.21,31,45,Temperature
373,638001,9827048,Baetidae,nan,1,136.25,31,45,Conductivity
374,638001,9827048,Baetidae,nan,1,7.76,31,45,pH
375,638001,9827048,Baetidae,nan,1,2.48,31,45,Chlorophyll
376,638001,9827048,Baetidae,nan,1,3.55,31,45,Cl-
377,638001,9827048,Baetidae,nan,1,7.56,31,45,DO
378,638001,9827048,Baetidae,nan,1,1.63,31,45,Turbidity
379,638001,9827048,Baetidae,nan,1,17.2,31,45,COD
380,638001,9827048,Baetidae,nan,1,0.23,31,45,NO3--N
381,638001,9827048,Baetidae,nan,1,0.05,31,45,NH4+-N
382,638001,9827048,Baetidae,nan,1,0.2,31,45,velocity
383,638001,9827048,Baetidae,nan,1,19,31,45,Elevation
384,630387,9886688,Baetidae,nan,43,25.71,32,50,Temperature
385,630387,9886688,Baetidae,nan,43,375,32,50,Conductivity
386,630387,9886688,Baetidae,nan,43,8.2,32,50,pH
387,630387,9886688,Baetidae,nan,43,4.6,32,50,Chlorophyll
388,630387,9886688,Baetidae,nan,43,8.01,32,50,Cl-
389,630387,9886688,Baetidae,nan,43,9.79,32,50,DO
390,630387,9886688,Baetidae,nan,43,0.4,32,50,Turbidity
391,630387,9886688,Baetidae,nan,43,26.8,32,50,COD
392,630387,9886688,Baetidae,nan,43,0.23,32,50,NO3--N
393,630387,9886688,Baetidae,nan,43,0.19,32,50,NH4+-N
394,630387,9886688,Baetidae,nan,43,0,32,50,velocity
395,630387,9886688,Baetidae,nan,43,62,32,50,Elevation
396,675727,9859882,Baetidae,nan,1,26.93,33,119,Temperature
397,675727,9859882,Baetidae,nan,1,122,33,119,Conductivity
398,675727,9859882,Baetidae,nan,1,8.22,33,119,pH
399,675727,9859882,Baetidae,nan,1,1.23,33,119,Chlorophyll
400,675727,9859882,Baetidae,nan,1,3.13,33,119,Cl-
401,675727,9859882,Baetidae,nan,1,8.63,33,119,DO
402,675727,9859882,Baetidae,nan,1,2.23,33,119,Turbidity
403,675727,9859882,Baetidae,nan,1,7.25,33,119,COD
404,675727,9859882,Baetidae,nan,1,0.23,33,119,NO3--N
405,675727,9859882,Baetidae,nan,1,0.05,33,119,NH4+-N
406,675727,9859882,Baetidae,nan,1,0.12,33,119,velocity
407,675727,9859882,Baetidae,nan,1,37,33,119,Elevation
408,673369,9944638,Baetidae,nan,2,23.73,34,106,Temperature
409,673369,9944638,Baetidae,nan,2,113,34,106,Conductivity
410,673369,9944638,Baetidae,nan,2,7.54,34,106,pH
411,673369,9944638,Baetidae,nan,2,2.74,34,106,Chlorophyll
412,673369,9944638,Baetidae,nan,2,2.21,34,106,Cl-
413,673369,9944638,Baetidae,nan,2,7.27,34,106,DO
414,673369,9944638,Baetidae,nan,2,1.95,34,106,Turbidity
415,673369,9944638,Baetidae,nan,2,7.86,34,106,COD
416,673369,9944638,Baetidae,nan,2,0.4,34,106,NO3--N
417,673369,9944638,Baetidae,nan,2,0.1,34,106,NH4+-N
418,673369,9944638,Baetidae,nan,2,0.6,34,106,velocity
419,673369,9944638,Baetidae,nan,2,170,34,106,Elevation
420,649233,9901117,Baetidae,nan,2,26.59,35,77,Temperature
421,649233,9901117,Baetidae,nan,2,73.5,35,77,Conductivity
422,649233,9901117,Baetidae,nan,2,7.08,35,77,pH
423,649233,9901117,Baetidae,nan,2,7.08,35,77,Chlorophyll
424,649233,9901117,Baetidae,nan,2,2.48,35,77,Cl-
425,649233,9901117,Baetidae,nan,2,6.68,35,77,DO
426,649233,9901117,Baetidae,nan,2,3.23,35,77,Turbidity
427,649233,9901117,Baetidae,nan,2,,35,77,COD
428,649233,9901117,Baetidae,nan,2,0.23,35,77,NO3--N
429,649233,9901117,Baetidae,nan,2,0.02,35,77,NH4+-N
430,649233,9901117,Baetidae,nan,2,0,35,77,velocity
431,649233,9901117,Baetidae,nan,2,78,35,77,Elevation
432,639402,9898006,Baetidae,nan,14,25.62,36,65,Temperature
433,639402,9898006,Baetidae,nan,14,36.5,36,65,Conductivity
434,639402,9898006,Baetidae,nan,14,7.02,36,65,pH
435,639402,9898006,Baetidae,nan,14,5.08,36,65,Chlorophyll
436,639402,9898006,Baetidae,nan,14,1.77,36,65,Cl-
437,639402,9898006,Baetidae,nan,14,6.06,36,65,DO
438,639402,9898006,Baetidae,nan,14,5.07,36,65,Turbidity
439,639402,9898006,Baetidae,nan,14,21.4,36,65,COD
440,639402,9898006,Baetidae,nan,14,0.23,36,65,NO3--N
441,639402,9898006,Baetidae,nan,14,0.11,36,65,NH4+-N
442,639402,9898006,Baetidae,nan,14,0,36,65,velocity
443,639402,9898006,Baetidae,nan,14,80,36,65,Elevation
444,645126,9885371,Baetidae,nan,6,25.64,37,32,Temperature
445,645126,9885371,Baetidae,nan,6,83,37,32,Conductivity
446,645126,9885371,Baetidae,nan,6,6.75,37,32,pH
447,645126,9885371,Baetidae,nan,6,3.07,37,32,Chlorophyll
448,645126,9885371,Baetidae,nan,6,2.37,37,32,Cl-
449,645126,9885371,Baetidae,nan,6,6.49,37,32,DO
450,645126,9885371,Baetidae,nan,6,1.15,37,32,Turbidity
451,645126,9885371,Baetidae,nan,6,31.2,37,32,COD
452,645126,9885371,Baetidae,nan,6,0.25,37,32,NO3--N
453,645126,9885371,Baetidae,nan,6,0.25,37,32,NH4+-N
454,645126,9885371,Baetidae,nan,6,0.5,37,32,velocity
455,645126,9885371,Baetidae,nan,6,22,37,32,Elevation
456,714146,9759451,Baetidae,nan,12,22.06,38,30,Temperature
457,714146,9759451,Baetidae,nan,12,208,38,30,Conductivity
458,714146,9759451,Baetidae,nan,12,8.19,38,30,pH
459,714146,9759451,Baetidae,nan,12,1.08,38,30,Chlorophyll
460,714146,9759451,Baetidae,nan,12,1.21,38,30,Cl-
461,714146,9759451,Baetidae,nan,12,8.2,38,30,DO
462,714146,9759451,Baetidae,nan,12,0.83,38,30,Turbidity
463,714146,9759451,Baetidae,nan,12,13.9,38,30,COD
464,714146,9759451,Baetidae,nan,12,0.23,38,30,NO3--N
465,714146,9759451,Baetidae,nan,12,0.03,38,30,NH4+-N
466,714146,9759451,Baetidae,nan,12,0.6,38,30,velocity
467,714146,9759451,Baetidae,nan,12,475,38,30,Elevation
468,660727,9947422,Baetidae,nan,1,25.35,39,110,Temperature
469,660727,9947422,Baetidae,nan,1,97.25,39,110,Conductivity
470,660727,9947422,Baetidae,nan,1,7.32,39,110,pH
471,660727,9947422,Baetidae,nan,1,2.25,39,110,Chlorophyll
472,660727,9947422,Baetidae,nan,1,3.07,39,110,Cl-
473,660727,9947422,Baetidae,nan,1,6.59,39,110,DO
474,660727,9947422,Baetidae,nan,1,6.38,39,110,Turbidity
475,660727,9947422,Baetidae,nan,1,14.9,39,110,COD
476,660727,9947422,Baetidae,nan,1,0.58,39,110,NO3--N
477,660727,9947422,Baetidae,nan,1,0.13,39,110,NH4+-N
478,660727,9947422,Baetidae,nan,1,0,39,110,velocity
479,660727,9947422,Baetidae,nan,1,135,39,110,Elevation
480,656469,9907062,Baetidae,nan,2,26.82,40,81,Temperature
481,656469,9907062,Baetidae,nan,2,71,40,81,Conductivity
482,656469,9907062,Baetidae,nan,2,6.98,40,81,pH
483,656469,9907062,Baetidae,nan,2,7.78,40,81,Chlorophyll
484,656469,9907062,Baetidae,nan,2,2.7,40,81,Cl-
485,656469,9907062,Baetidae,nan,2,7.01,40,81,DO
486,656469,9907062,Baetidae,nan,2,3.16,40,81,Turbidity
487,656469,9907062,Baetidae,nan,2,,40,81,COD
488,656469,9907062,Baetidae,nan,2,0.23,40,81,NO3--N
489,656469,9907062,Baetidae,nan,2,0.02,40,81,NH4+-N
490,656469,9907062,Baetidae,nan,2,0,40,81,velocity
491,656469,9907062,Baetidae,nan,2,80,40,81,Elevation
492,641692,9902226,Baetidae,nan,8,28.51,41,67,Temperature
493,641692,9902226,Baetidae,nan,8,79,41,67,Conductivity
494,641692,9902226,Baetidae,nan,8,7.2,41,67,pH
495,641692,9902226,Baetidae,nan,8,5.8,41,67,Chlorophyll
496,641692,9902226,Baetidae,nan,8,1.89,41,67,Cl-
497,641692,9902226,Baetidae,nan,8,6.88,41,67,DO
498,641692,9902226,Baetidae,nan,8,4.78,41,67,Turbidity
499,641692,9902226,Baetidae,nan,8,20.7,41,67,COD
500,641692,9902226,Baetidae,nan,8,0.23,41,67,NO3--N
501,641692,9902226,Baetidae,nan,8,0.02,41,67,NH4+-N
502,641692,9902226,Baetidae,nan,8,0,41,67,velocity
503,641692,9902226,Baetidae,nan,8,87,41,67,Elevation
504,660135,9951898,Baetidae,nan,1,25,42,111,Temperature
505,660135,9951898,Baetidae,nan,1,125,42,111,Conductivity
506,660135,9951898,Baetidae,nan,1,8.66,42,111,pH
507,660135,9951898,Baetidae,nan,1,2.4,42,111,Chlorophyll
508,660135,9951898,Baetidae,nan,1,3.4,42,111,Cl-
509,660135,9951898,Baetidae,nan,1,9.59,42,111,DO
510,660135,9951898,Baetidae,nan,1,1.13,42,111,Turbidity
511,660135,9951898,Baetidae,nan,1,60,42,111,COD
512,660135,9951898,Baetidae,nan,1,0.23,42,111,NO3--N
513,660135,9951898,Baetidae,nan,1,0.08,42,111,NH4+-N
514,660135,9951898,Baetidae,nan,1,0.33,42,111,velocity
515,660135,9951898,Baetidae,nan,1,107,42,111,Elevation
516,679784,9868025,Baetidae,nan,3,28.1,43,117,Temperature
517,679784,9868025,Baetidae,nan,3,121,43,117,Conductivity
518,679784,9868025,Baetidae,nan,3,8.45,43,117,pH
519,679784,9868025,Baetidae,nan,3,1.05,43,117,Chlorophyll
520,679784,9868025,Baetidae,nan,3,3.65,43,117,Cl-
521,679784,9868025,Baetidae,nan,3,9.5,43,117,DO
522,679784,9868025,Baetidae,nan,3,2.1,43,117,Turbidity
523,679784,9868025,Baetidae,nan,3,8.73,43,117,COD
524,679784,9868025,Baetidae,nan,3,0.23,43,117,NO3--N
525,679784,9868025,Baetidae,nan,3,0.07,43,117,NH4+-N
526,679784,9868025,Baetidae,nan,3,0.35,43,117,velocity
527,679784,9868025,Baetidae,nan,3,71,43,117,Elevation
528,639402,9898006,Baetidae,nan,14,25.62,44,65,Temperature
529,639402,9898006,Baetidae,nan,14,36.5,44,65,Conductivity
530,639402,9898006,Baetidae,nan,14,7.02,44,65,pH
531,639402,9898006,Baetidae,nan,14,5.08,44,65,Chlorophyll
532,639402,9898006,Baetidae,nan,14,1.77,44,65,Cl-
533,639402,9898006,Baetidae,nan,14,6.06,44,65,DO
534,639402,9898006,Baetidae,nan,14,5.07,44,65,Turbidity
535,639402,9898006,Baetidae,nan,14,21.4,44,65,COD
536,639402,9898006,Baetidae,nan,14,0.23,44,65,NO3--N
537,639402,9898006,Baetidae,nan,14,0.11,44,65,NH4+-N
538,639402,9898006,Baetidae,nan,14,0,44,65,velocity
539,639402,9898006,Baetidae,nan,14,80,44,65,Elevation
540,703346,9804948,Baetidae,nan,3,21.27,45,60,Temperature
541,703346,9804948,Baetidae,nan,3,119.6,45,60,Conductivity
542,703346,9804948,Baetidae,nan,3,8.1,45,60,pH
543,703346,9804948,Baetidae,nan,3,1.14,45,60,Chlorophyll
544,703346,9804948,Baetidae,nan,3,1.29,45,60,Cl-
545,703346,9804948,Baetidae,nan,3,8.15,45,60,DO
546,703346,9804948,Baetidae,nan,3,1.38,45,60,Turbidity
547,703346,9804948,Baetidae,nan,3,6.3,45,60,COD
548,703346,9804948,Baetidae,nan,3,0.23,45,60,NO3--N
549,703346,9804948,Baetidae,nan,3,0.05,45,60,NH4+-N
550,703346,9804948,Baetidae,nan,3,0.5,45,60,velocity
551,703346,9804948,Baetidae,nan,3,825,45,60,Elevation
552,694230,9819688,Baetidae,nan,3,22.9,46,13,Temperature
553,694230,9819688,Baetidae,nan,3,126,46,13,Conductivity
554,694230,9819688,Baetidae,nan,3,8.22,46,13,pH
555,694230,9819688,Baetidae,nan,3,1.68,46,13,Chlorophyll
556,694230,9819688,Baetidae,nan,3,1.96,46,13,Cl-
557,694230,9819688,Baetidae,nan,3,8.45,46,13,DO
558,694230,9819688,Baetidae,nan,3,2.98,46,13,Turbidity
559,694230,9819688,Baetidae,nan,3,5,46,13,COD
560,694230,9819688,Baetidae,nan,3,0.23,46,13,NO3--N
561,694230,9819688,Baetidae,nan,3,0.08,46,13,NH4+-N
562,694230,9819688,Baetidae,nan,3,0.75,46,13,velocity
563,694230,9819688,Baetidae,nan,3,324,46,13,Elevation
564,703765,9803864,Baetidae,nan,2,20.73,47,61,Temperature
565,703765,9803864,Baetidae,nan,2,126,47,61,Conductivity
566,703765,9803864,Baetidae,nan,2,8.06,47,61,pH
567,703765,9803864,Baetidae,nan,2,1.27,47,61,Chlorophyll
568,703765,9803864,Baetidae,nan,2,0.85,47,61,Cl-
569,703765,9803864,Baetidae,nan,2,8.11,47,61,DO
570,703765,9803864,Baetidae,nan,2,1.43,47,61,Turbidity
571,703765,9803864,Baetidae,nan,2,5,47,61,COD
572,703765,9803864,Baetidae,nan,2,0.23,47,61,NO3--N
573,703765,9803864,Baetidae,nan,2,0.04,47,61,NH4+-N
574,703765,9803864,Baetidae,nan,2,0.4,47,61,velocity
575,703765,9803864,Baetidae,nan,2,866,47,61,Elevation
576,673369,9944638,Baetidae,nan,2,23.73,48,106,Temperature
577,673369,9944638,Baetidae,nan,2,113,48,106,Conductivity
578,673369,9944638,Baetidae,nan,2,7.54,48,106,pH
579,673369,9944638,Baetidae,nan,2,2.74,48,106,Chlorophyll
580,673369,9944638,Baetidae,nan,2,2.21,48,106,Cl-
581,673369,9944638,Baetidae,nan,2,7.27,48,106,DO
582,673369,9944638,Baetidae,nan,2,1.95,48,106,Turbidity
583,673369,9944638,Baetidae,nan,2,7.86,48,106,COD
584,673369,9944638,Baetidae,nan,2,0.4,48,106,NO3--N
585,673369,9944638,Baetidae,nan,2,0.1,48,106,NH4+-N
586,673369,9944638,Baetidae,nan,2,0.6,48,106,velocity
587,673369,9944638,Baetidae,nan,2,170,48,106,Elevation
588,654406,9903081,Baetidae,nan,18,26.81,49,79,Temperature
589,654406,9903081,Baetidae,nan,18,72,49,79,Conductivity
590,654406,9903081,Baetidae,nan,18,6.69,49,79,pH
591,654406,9903081,Baetidae,nan,18,5.26,49,79,Chlorophyll
592,654406,9903081,Baetidae,nan,18,2.63,49,79,Cl-
593,654406,9903081,Baetidae,nan,18,4.14,49,79,DO
594,654406,9903081,Baetidae,nan,18,1.13,49,79,Turbidity
595,654406,9903081,Baetidae,nan,18,,49,79,COD
596,654406,9903081,Baetidae,nan,18,0.23,49,79,NO3--N
597,654406,9903081,Baetidae,nan,18,0.02,49,79,NH4+-N
598,654406,9903081,Baetidae,nan,18,0,49,79,velocity
599,654406,9903081,Baetidae,nan,18,88,49,79,Elevation
600,642033,9886348,Baetidae,nan,7,24.43,50,52,Temperature
601,642033,9886348,Baetidae,nan,7,256,50,52,Conductivity
602,642033,9886348,Baetidae,nan,7,7.07,50,52,pH
603,642033,9886348,Baetidae,nan,7,4.68,50,52,Chlorophyll
604,642033,9886348,Baetidae,nan,7,1.9,50,52,Cl-
605,642033,9886348,Baetidae,nan,7,1.97,50,52,DO
606,642033,9886348,Baetidae,nan,7,2.53,50,52,Turbidity
607,642033,9886348,Baetidae,nan,7,19.52,50,52,COD
608,642033,9886348,Baetidae,nan,7,0.23,50,52,NO3--N
609,642033,9886348,Baetidae,nan,7,0.13,50,52,NH4+-N
610,642033,9886348,Baetidae,nan,7,0,50,52,velocity
611,642033,9886348,Baetidae,nan,7,42,50,52,Elevation
612,708507,9756366,Baetidae,nan,3,23.59,51,33,Temperature
613,708507,9756366,Baetidae,nan,3,290.75,51,33,Conductivity
614,708507,9756366,Baetidae,nan,3,8.42,51,33,pH
615,708507,9756366,Baetidae,nan,3,1.93,51,33,Chlorophyll
616,708507,9756366,Baetidae,nan,3,7.07,51,33,Cl-
617,708507,9756366,Baetidae,nan,3,8.22,51,33,DO
618,708507,9756366,Baetidae,nan,3,6.05,51,33,Turbidity
619,708507,9756366,Baetidae,nan,3,5,51,33,COD
620,708507,9756366,Baetidae,nan,3,0.57,51,33,NO3--N
621,708507,9756366,Baetidae,nan,3,0.02,51,33,NH4+-N
622,708507,9756366,Baetidae,nan,3,1,51,33,velocity
623,708507,9756366,Baetidae,nan,3,324,51,33,Elevation
624,674793,9756336,Baetidae,nan,2,25.49,52,36,Temperature
625,674793,9756336,Baetidae,nan,2,303,52,36,Conductivity
626,674793,9756336,Baetidae,nan,2,8.48,52,36,pH
627,674793,9756336,Baetidae,nan,2,3.93,52,36,Chlorophyll
628,674793,9756336,Baetidae,nan,2,4.4,52,36,Cl-
629,674793,9756336,Baetidae,nan,2,10.65,52,36,DO
630,674793,9756336,Baetidae,nan,2,3.23,52,36,Turbidity
631,674793,9756336,Baetidae,nan,2,24.5,52,36,COD
632,674793,9756336,Baetidae,nan,2,0.29,52,36,NO3--N
633,674793,9756336,Baetidae,nan,2,0.02,52,36,NH4+-N
634,674793,9756336,Baetidae,nan,2,0.35,52,36,velocity
635,674793,9756336,Baetidae,nan,2,17,52,36,Elevation
636,660727,9947422,Baetidae,nan,1,25.35,53,110,Temperature
637,660727,9947422,Baetidae,nan,1,97.25,53,110,Conductivity
638,660727,9947422,Baetidae,nan,1,7.32,53,110,pH
639,660727,9947422,Baetidae,nan,1,2.25,53,110,Chlorophyll
640,660727,9947422,Baetidae,nan,1,3.07,53,110,Cl-
641,660727,9947422,Baetidae,nan,1,6.59,53,110,DO
642,660727,9947422,Baetidae,nan,1,6.38,53,110,Turbidity
643,660727,9947422,Baetidae,nan,1,14.9,53,110,COD
644,660727,9947422,Baetidae,nan,1,0.58,53,110,NO3--N
645,660727,9947422,Baetidae,nan,1,0.13,53,110,NH4+-N
646,660727,9947422,Baetidae,nan,1,0,53,110,velocity
647,660727,9947422,Baetidae,nan,1,135,53,110,Elevation
648,708507,9756366,Baetidae,nan,3,23.59,54,33,Temperature
649,708507,9756366,Baetidae,nan,3,290.75,54,33,Conductivity
650,708507,9756366,Baetidae,nan,3,8.42,54,33,pH
651,708507,9756366,Baetidae,nan,3,1.93,54,33,Chlorophyll
652,708507,9756366,Baetidae,nan,3,7.07,54,33,Cl-
653,708507,9756366,Baetidae,nan,3,8.22,54,33,DO
654,708507,9756366,Baetidae,nan,3,6.05,54,33,Turbidity
655,708507,9756366,Baetidae,nan,3,5,54,33,COD
656,708507,9756366,Baetidae,nan,3,0.57,54,33,NO3--N
657,708507,9756366,Baetidae,nan,3,0.02,54,33,NH4+-N
658,708507,9756366,Baetidae,nan,3,1,54,33,velocity
659,708507,9756366,Baetidae,nan,3,324,54,33,Elevation
660,642033,9886348,Baetidae,nan,7,24.43,55,52,Temperature
661,642033,9886348,Baetidae,nan,7,256,55,52,Conductivity
662,642033,9886348,Baetidae,nan,7,7.07,55,52,pH
663,642033,9886348,Baetidae,nan,7,4.68,55,52,Chlorophyll
664,642033,9886348,Baetidae,nan,7,1.9,55,52,Cl-
665,642033,9886348,Baetidae,nan,7,1.97,55,52,DO
666,642033,9886348,Baetidae,nan,7,2.53,55,52,Turbidity
667,642033,9886348,Baetidae,nan,7,19.52,55,52,COD
668,642033,9886348,Baetidae,nan,7,0.23,55,52,NO3--N
669,642033,9886348,Baetidae,nan,7,0.13,55,52,NH4+-N
670,642033,9886348,Baetidae,nan,7,0,55,52,velocity
671,642033,9886348,Baetidae,nan,7,42,55,52,Elevation
672,655786,9905816,Baetidae,nan,5,26.77,56,80,Temperature
673,655786,9905816,Baetidae,nan,5,71,56,80,Conductivity
674,655786,9905816,Baetidae,nan,5,7.33,56,80,pH
675,655786,9905816,Baetidae,nan,5,10.1,56,80,Chlorophyll
676,655786,9905816,Baetidae,nan,5,2.49,56,80,Cl-
677,655786,9905816,Baetidae,nan,5,8.97,56,80,DO
678,655786,9905816,Baetidae,nan,5,4.08,56,80,Turbidity
679,655786,9905816,Baetidae,nan,5,,56,80,COD
680,655786,9905816,Baetidae,nan,5,0.23,56,80,NO3--N
681,655786,9905816,Baetidae,nan,5,0.02,56,80,NH4+-N
682,655786,9905816,Baetidae,nan,5,0,56,80,velocity
683,655786,9905816,Baetidae,nan,5,82,56,80,Elevation
684,644904,9907968,Baetidae,nan,1,28.53,57,71,Temperature
685,644904,9907968,Baetidae,nan,1,79,57,71,Conductivity
686,644904,9907968,Baetidae,nan,1,7.31,57,71,pH
687,644904,9907968,Baetidae,nan,1,6.85,57,71,Chlorophyll
688,644904,9907968,Baetidae,nan,1,1.99,57,71,Cl-
689,644904,9907968,Baetidae,nan,1,7.9,57,71,DO
690,644904,9907968,Baetidae,nan,1,3.25,57,71,Turbidity
691,644904,9907968,Baetidae,nan,1,21.4,57,71,COD
692,644904,9907968,Baetidae,nan,1,0.23,57,71,NO3--N
693,644904,9907968,Baetidae,nan,1,0.02,57,71,NH4+-N
694,644904,9907968,Baetidae,nan,1,0,57,71,velocity
695,644904,9907968,Baetidae,nan,1,86,57,71,Elevation
696,655325,9911206,Baetidae,nan,1,27.01,58,83,Temperature
697,655325,9911206,Baetidae,nan,1,71,58,83,Conductivity
698,655325,9911206,Baetidae,nan,1,7.04,58,83,pH
699,655325,9911206,Baetidae,nan,1,7.8,58,83,Chlorophyll
700,655325,9911206,Baetidae,nan,1,2.63,58,83,Cl-
701,655325,9911206,Baetidae,nan,1,7.81,58,83,DO
702,655325,9911206,Baetidae,nan,1,3.85,58,83,Turbidity
703,655325,9911206,Baetidae,nan,1,,58,83,COD
704,655325,9911206,Baetidae,nan,1,0.28,58,83,NO3--N
705,655325,9911206,Baetidae,nan,1,0.03,58,83,NH4+-N
706,655325,9911206,Baetidae,nan,1,0,58,83,velocity
707,655325,9911206,Baetidae,nan,1,78,58,83,Elevation
708,690578,9802304,Baetidae,nan,2,24.99,59,63,Temperature
709,690578,9802304,Baetidae,nan,2,134.25,59,63,Conductivity
710,690578,9802304,Baetidae,nan,2,7.66,59,63,pH
711,690578,9802304,Baetidae,nan,2,2.1,59,63,Chlorophyll
712,690578,9802304,Baetidae,nan,2,1.36,59,63,Cl-
713,690578,9802304,Baetidae,nan,2,7.18,59,63,DO
714,690578,9802304,Baetidae,nan,2,8.88,59,63,Turbidity
715,690578,9802304,Baetidae,nan,2,11.2,59,63,COD
716,690578,9802304,Baetidae,nan,2,0.23,59,63,NO3--N
717,690578,9802304,Baetidae,nan,2,0.06,59,63,NH4+-N
718,690578,9802304,Baetidae,nan,2,0.5,59,63,velocity
719,690578,9802304,Baetidae,nan,2,87,59,63,Elevation
720,654406,9903081,Baetidae,nan,18,26.81,60,79,Temperature
721,654406,9903081,Baetidae,nan,18,72,60,79,Conductivity
722,654406,9903081,Baetidae,nan,18,6.69,60,79,pH
723,654406,9903081,Baetidae,nan,18,5.26,60,79,Chlorophyll
724,654406,9903081,Baetidae,nan,18,2.63,60,79,Cl-
725,654406,9903081,Baetidae,nan,18,4.14,60,79,DO
726,654406,9903081,Baetidae,nan,18,1.13,60,79,Turbidity
727,654406,9903081,Baetidae,nan,18,,60,79,COD
728,654406,9903081,Baetidae,nan,18,0.23,60,79,NO3--N
729,654406,9903081,Baetidae,nan,18,0.02,60,79,NH4+-N
730,654406,9903081,Baetidae,nan,18,0,60,79,velocity
731,654406,9903081,Baetidae,nan,18,88,60,79,Elevation
732,688300,9781411,Baetidae,nan,4,24.83,61,40,Temperature
733,688300,9781411,Baetidae,nan,4,208,61,40,Conductivity
734,688300,9781411,Baetidae,nan,4,7.7,61,40,pH
735,688300,9781411,Baetidae,nan,4,2.68,61,40,Chlorophyll
736,688300,9781411,Baetidae,nan,4,2.11,61,40,Cl-
737,688300,9781411,Baetidae,nan,4,7.71,61,40,DO
738,688300,9781411,Baetidae,nan,4,2.57,61,40,Turbidity
739,688300,9781411,Baetidae,nan,4,26.1,61,40,COD
740,688300,9781411,Baetidae,nan,4,0.81,61,40,NO3--N
741,688300,9781411,Baetidae,nan,4,0.03,61,40,NH4+-N
742,688300,9781411,Baetidae,nan,4,0.06,61,40,velocity
743,688300,9781411,Baetidae,nan,4,47,61,40,Elevation
744,612711,9810720,Baetidae,nan,1,26.68,62,49,Temperature
745,612711,9810720,Baetidae,nan,1,94,62,49,Conductivity
746,612711,9810720,Baetidae,nan,1,7.18,62,49,pH
747,612711,9810720,Baetidae,nan,1,2.7,62,49,Chlorophyll
748,612711,9810720,Baetidae,nan,1,1.76,62,49,Cl-
749,612711,9810720,Baetidae,nan,1,6.29,62,49,DO
750,612711,9810720,Baetidae,nan,1,6.8,62,49,Turbidity
751,612711,9810720,Baetidae,nan,1,,62,49,COD
752,612711,9810720,Baetidae,nan,1,0.44,62,49,NO3--N
753,612711,9810720,Baetidae,nan,1,0.17,62,49,NH4+-N
754,612711,9810720,Baetidae,nan,1,0.2,62,49,velocity
755,612711,9810720,Baetidae,nan,1,26,62,49,Elevation
756,714146,9759451,Baetidae,nan,12,22.06,63,30,Temperature
757,714146,9759451,Baetidae,nan,12,208,63,30,Conductivity
758,714146,9759451,Baetidae,nan,12,8.19,63,30,pH
759,714146,9759451,Baetidae,nan,12,1.08,63,30,Chlorophyll
760,714146,9759451,Baetidae,nan,12,1.21,63,30,Cl-
761,714146,9759451,Baetidae,nan,12,8.2,63,30,DO
762,714146,9759451,Baetidae,nan,12,0.83,63,30,Turbidity
763,714146,9759451,Baetidae,nan,12,13.9,63,30,COD
764,714146,9759451,Baetidae,nan,12,0.23,63,30,NO3--N
765,714146,9759451,Baetidae,nan,12,0.03,63,30,NH4+-N
766,714146,9759451,Baetidae,nan,12,0.6,63,30,velocity
767,714146,9759451,Baetidae,nan,12,475,63,30,Elevation
768,704692,9826022,Baetidae,nan,0,19.93,64,16,Temperature
769,704692,9826022,Baetidae,nan,0,128,64,16,Conductivity
770,704692,9826022,Baetidae,nan,0,8.12,64,16,pH
771,704692,9826022,Baetidae,nan,0,13.8,64,16,Chlorophyll
772,704692,9826022,Baetidae,nan,0,1.6,64,16,Cl-
773,704692,9826022,Baetidae,nan,0,8.12,64,16,DO
774,704692,9826022,Baetidae,nan,0,10.5,64,16,Turbidity
775,704692,9826022,Baetidae,nan,0,9.81,64,16,COD
776,704692,9826022,Baetidae,nan,0,0.23,64,16,NO3--N
777,704692,9826022,Baetidae,nan,0,0.05,64,16,NH4+-N
778,704692,9826022,Baetidae,nan,0,1.5,64,16,velocity
779,704692,9826022,Baetidae,nan,0,834,64,16,Elevation
780,655357,9911902,Baetidae,nan,0,27.38,65,84,Temperature
781,655357,9911902,Baetidae,nan,0,71,65,84,Conductivity
782,655357,9911902,Baetidae,nan,0,7.11,65,84,pH
783,655357,9911902,Baetidae,nan,0,9.14,65,84,Chlorophyll
784,655357,9911902,Baetidae,nan,0,2.9,65,84,Cl-
785,655357,9911902,Baetidae,nan,0,8.24,65,84,DO
786,655357,9911902,Baetidae,nan,0,3.4,65,84,Turbidity
787,655357,9911902,Baetidae,nan,0,,65,84,COD
788,655357,9911902,Baetidae,nan,0,0.23,65,84,NO3--N
789,655357,9911902,Baetidae,nan,0,0.02,65,84,NH4+-N
790,655357,9911902,Baetidae,nan,0,0,65,84,velocity
791,655357,9911902,Baetidae,nan,0,74,65,84,Elevation
792,642612,9903353,Baetidae,nan,0,29.64,66,74,Temperature
793,642612,9903353,Baetidae,nan,0,77,66,74,Conductivity
794,642612,9903353,Baetidae,nan,0,7.9,66,74,pH
795,642612,9903353,Baetidae,nan,0,6.78,66,74,Chlorophyll
796,642612,9903353,Baetidae,nan,0,2.31,66,74,Cl-
797,642612,9903353,Baetidae,nan,0,8.97,66,74,DO
798,642612,9903353,Baetidae,nan,0,4.23,66,74,Turbidity
799,642612,9903353,Baetidae,nan,0,21.4,66,74,COD
800,642612,9903353,Baetidae,nan,0,0.23,66,74,NO3--N
801,642612,9903353,Baetidae,nan,0,0.02,66,74,NH4+-N
802,642612,9903353,Baetidae,nan,0,0,66,74,velocity
803,642612,9903353,Baetidae,nan,0,80,66,74,Elevation
804,704692,9826022,Baetidae,nan,0,19.93,67,16,Temperature
805,704692,9826022,Baetidae,nan,0,128,67,16,Conductivity
806,704692,9826022,Baetidae,nan,0,8.12,67,16,pH
807,704692,9826022,Baetidae,nan,0,13.8,67,16,Chlorophyll
808,704692,9826022,Baetidae,nan,0,1.6,67,16,Cl-
809,704692,9826022,Baetidae,nan,0,8.12,67,16,DO
810,704692,9826022,Baetidae,nan,0,10.5,67,16,Turbidity
811,704692,9826022,Baetidae,nan,0,9.81,67,16,COD
812,704692,9826022,Baetidae,nan,0,0.23,67,16,NO3--N
813,704692,9826022,Baetidae,nan,0,0.05,67,16,NH4+-N
814,704692,9826022,Baetidae,nan,0,1.5,67,16,velocity
815,704692,9826022,Baetidae,nan,0,834,67,16,Elevation
816,586175,9801104,Baetidae,nan,0,29.27,68,55,Temperature
817,586175,9801104,Baetidae,nan,0,1981,68,55,Conductivity
818,586175,9801104,Baetidae,nan,0,8.53,68,55,pH
819,586175,9801104,Baetidae,nan,0,66.84,68,55,Chlorophyll
820,586175,9801104,Baetidae,nan,0,167.42,68,55,Cl-
821,586175,9801104,Baetidae,nan,0,13.63,68,55,DO
822,586175,9801104,Baetidae,nan,0,44.4,68,55,Turbidity
823,586175,9801104,Baetidae,nan,0,33.5,68,55,COD
824,586175,9801104,Baetidae,nan,0,0.84,68,55,NO3--N
825,586175,9801104,Baetidae,nan,0,8.8,68,55,NH4+-N
826,586175,9801104,Baetidae,nan,0,0,68,55,velocity
827,586175,9801104,Baetidae,nan,0,45,68,55,Elevation
828,639213,9900945,Baetidae,nan,0,28.36,69,94,Temperature
829,639213,9900945,Baetidae,nan,0,83,69,94,Conductivity
830,639213,9900945,Baetidae,nan,0,7.06,69,94,pH
831,639213,9900945,Baetidae,nan,0,5.02,69,94,Chlorophyll
832,639213,9900945,Baetidae,nan,0,2.46,69,94,Cl-
833,639213,9900945,Baetidae,nan,0,5.4,69,94,DO
834,639213,9900945,Baetidae,nan,0,3.28,69,94,Turbidity
835,639213,9900945,Baetidae,nan,0,9.3,69,94,COD
836,639213,9900945,Baetidae,nan,0,0.23,69,94,NO3--N
837,639213,9900945,Baetidae,nan,0,0.11,69,94,NH4+-N
838,639213,9900945,Baetidae,nan,0,0,69,94,velocity
839,639213,9900945,Baetidae,nan,0,88,69,94,Elevation
840,584703,9819470,Baetidae,nan,0,34,70,21,Temperature
841,584703,9819470,Baetidae,nan,0,755.67,70,21,Conductivity
842,584703,9819470,Baetidae,nan,0,8.3,70,21,pH
843,584703,9819470,Baetidae,nan,0,3.27,70,21,Chlorophyll
844,584703,9819470,Baetidae,nan,0,2.1,70,21,Cl-
845,584703,9819470,Baetidae,nan,0,7.86,70,21,DO
846,584703,9819470,Baetidae,nan,0,1.4,70,21,Turbidity
847,584703,9819470,Baetidae,nan,0,5,70,21,COD
848,584703,9819470,Baetidae,nan,0,0.23,70,21,NO3--N
849,584703,9819470,Baetidae,nan,0,0.04,70,21,NH4+-N
850,584703,9819470,Baetidae,nan,0,0.4,70,21,velocity
851,584703,9819470,Baetidae,nan,0,63,70,21,Elevation
852,639139,9901583,Baetidae,nan,0,27.79,71,87,Temperature
853,639139,9901583,Baetidae,nan,0,85,71,87,Conductivity
854,639139,9901583,Baetidae,nan,0,7.09,71,87,pH
855,639139,9901583,Baetidae,nan,0,4.7,71,87,Chlorophyll
856,639139,9901583,Baetidae,nan,0,2.02,71,87,Cl-
857,639139,9901583,Baetidae,nan,0,6.28,71,87,DO
858,639139,9901583,Baetidae,nan,0,2.07,71,87,Turbidity
859,639139,9901583,Baetidae,nan,0,13.9,71,87,COD
860,639139,9901583,Baetidae,nan,0,0.23,71,87,NO3--N
861,639139,9901583,Baetidae,nan,0,0.22,71,87,NH4+-N
862,639139,9901583,Baetidae,nan,0,0,71,87,velocity
863,639139,9901583,Baetidae,nan,0,84,71,87,Elevation
864,677242,9944586,Baetidae,nan,0,22.62,72,105,Temperature
865,677242,9944586,Baetidae,nan,0,120,72,105,Conductivity
866,677242,9944586,Baetidae,nan,0,7.66,72,105,pH
867,677242,9944586,Baetidae,nan,0,2.5,72,105,Chlorophyll
868,677242,9944586,Baetidae,nan,0,1.04,72,105,Cl-
869,677242,9944586,Baetidae,nan,0,7.63,72,105,DO
870,677242,9944586,Baetidae,nan,0,2.58,72,105,Turbidity
871,677242,9944586,Baetidae,nan,0,7.22,72,105,COD
872,677242,9944586,Baetidae,nan,0,0.8,72,105,NO3--N
873,677242,9944586,Baetidae,nan,0,0.09,72,105,NH4+-N
874,677242,9944586,Baetidae,nan,0,0.2,72,105,velocity
875,677242,9944586,Baetidae,nan,0,160,72,105,Elevation
876,648585,9885921,Baetidae,nan,0,24.97,73,54,Temperature
877,648585,9885921,Baetidae,nan,0,183.2,73,54,Conductivity
878,648585,9885921,Baetidae,nan,0,7.52,73,54,pH
879,648585,9885921,Baetidae,nan,0,1.26,73,54,Chlorophyll
880,648585,9885921,Baetidae,nan,0,2.57,73,54,Cl-
881,648585,9885921,Baetidae,nan,0,6.17,73,54,DO
882,648585,9885921,Baetidae,nan,0,0.83,73,54,Turbidity
883,648585,9885921,Baetidae,nan,0,12.4,73,54,COD
884,648585,9885921,Baetidae,nan,0,0.23,73,54,NO3--N
885,648585,9885921,Baetidae,nan,0,0.1,73,54,NH4+-N
886,648585,9885921,Baetidae,nan,0,0.5,73,54,velocity
887,648585,9885921,Baetidae,nan,0,32,73,54,Elevation
888,584703,9819470,Baetidae,nan,0,34,74,21,Temperature
889,584703,9819470,Baetidae,nan,0,755.67,74,21,Conductivity
890,584703,9819470,Baetidae,nan,0,8.3,74,21,pH
891,584703,9819470,Baetidae,nan,0,3.27,74,21,Chlorophyll
892,584703,9819470,Baetidae,nan,0,2.1,74,21,Cl-
893,584703,9819470,Baetidae,nan,0,7.86,74,21,DO
894,584703,9819470,Baetidae,nan,0,1.4,74,21,Turbidity
895,584703,9819470,Baetidae,nan,0,5,74,21,COD
896,584703,9819470,Baetidae,nan,0,0.23,74,21,NO3--N
897,584703,9819470,Baetidae,nan,0,0.04,74,21,NH4+-N
898,584703,9819470,Baetidae,nan,0,0.4,74,21,velocity
899,584703,9819470,Baetidae,nan,0,63,74,21,Elevation
900,635599,9901614,Baetidae,nan,0,27.67,75,90,Temperature
901,635599,9901614,Baetidae,nan,0,83,75,90,Conductivity
902,635599,9901614,Baetidae,nan,0,7.59,75,90,pH
903,635599,9901614,Baetidae,nan,0,7.05,75,90,Chlorophyll
904,635599,9901614,Baetidae,nan,0,2.5,75,90,Cl-
905,635599,9901614,Baetidae,nan,0,8.07,75,90,DO
906,635599,9901614,Baetidae,nan,0,6.6,75,90,Turbidity
907,635599,9901614,Baetidae,nan,0,9.96,75,90,COD
908,635599,9901614,Baetidae,nan,0,0.31,75,90,NO3--N
909,635599,9901614,Baetidae,nan,0,0.31,75,90,NH4+-N
910,635599,9901614,Baetidae,nan,0,0,75,90,velocity
911,635599,9901614,Baetidae,nan,0,86,75,90,Elevation
912,704692,9826022,Baetidae,nan,0,19.93,76,16,Temperature
913,704692,9826022,Baetidae,nan,0,128,76,16,Conductivity
914,704692,9826022,Baetidae,nan,0,8.12,76,16,pH
915,704692,9826022,Baetidae,nan,0,13.8,76,16,Chlorophyll
916,704692,9826022,Baetidae,nan,0,1.6,76,16,Cl-
917,704692,9826022,Baetidae,nan,0,8.12,76,16,DO
918,704692,9826022,Baetidae,nan,0,10.5,76,16,Turbidity
919,704692,9826022,Baetidae,nan,0,9.81,76,16,COD
920,704692,9826022,Baetidae,nan,0,0.23,76,16,NO3--N
921,704692,9826022,Baetidae,nan,0,0.05,76,16,NH4+-N
922,704692,9826022,Baetidae,nan,0,1.5,76,16,velocity
923,704692,9826022,Baetidae,nan,0,834,76,16,Elevation
924,683690,9763520,Baetidae,nan,0,24.61,77,27,Temperature
925,683690,9763520,Baetidae,nan,0,276,77,27,Conductivity
926,683690,9763520,Baetidae,nan,0,7.83,77,27,pH
927,683690,9763520,Baetidae,nan,0,1.13,77,27,Chlorophyll
928,683690,9763520,Baetidae,nan,0,3.27,77,27,Cl-
929,683690,9763520,Baetidae,nan,0,7.33,77,27,DO
930,683690,9763520,Baetidae,nan,0,0.97,77,27,Turbidity
931,683690,9763520,Baetidae,nan,0,25,77,27,COD
932,683690,9763520,Baetidae,nan,0,0.94,77,27,NO3--N
933,683690,9763520,Baetidae,nan,0,0.03,77,27,NH4+-N
934,683690,9763520,Baetidae,nan,0,0.6,77,27,velocity
935,683690,9763520,Baetidae,nan,0,71,77,27,Elevation
936,688888,9767770,Baetidae,nan,0,25.13,78,38,Temperature
937,688888,9767770,Baetidae,nan,0,188.17,78,38,Conductivity
938,688888,9767770,Baetidae,nan,0,7.96,78,38,pH
939,688888,9767770,Baetidae,nan,0,1.18,78,38,Chlorophyll
940,688888,9767770,Baetidae,nan,0,1.49,78,38,Cl-
941,688888,9767770,Baetidae,nan,0,7.98,78,38,DO
942,688888,9767770,Baetidae,nan,0,0.9,78,38,Turbidity
943,688888,9767770,Baetidae,nan,0,20.2,78,38,COD
944,688888,9767770,Baetidae,nan,0,2,78,38,NO3--N
945,688888,9767770,Baetidae,nan,0,0.015,78,38,NH4+-N
946,688888,9767770,Baetidae,nan,0,0.3,78,38,velocity
947,688888,9767770,Baetidae,nan,0,88,78,38,Elevation
948,660326,9798315,Baetidae,nan,0,26.39,79,7,Temperature
949,660326,9798315,Baetidae,nan,0,166,79,7,Conductivity
950,660326,9798315,Baetidae,nan,0,7.93,79,7,pH
951,660326,9798315,Baetidae,nan,0,60.03,79,7,Chlorophyll
952,660326,9798315,Baetidae,nan,0,7.4,79,7,Cl-
953,660326,9798315,Baetidae,nan,0,8.94,79,7,DO
954,660326,9798315,Baetidae,nan,0,34.27,79,7,Turbidity
955,660326,9798315,Baetidae,nan,0,22.6,79,7,COD
956,660326,9798315,Baetidae,nan,0,0.29,79,7,NO3--N
957,660326,9798315,Baetidae,nan,0,0.13,79,7,NH4+-N
958,660326,9798315,Baetidae,nan,0,0.15,79,7,velocity
959,660326,9798315,Baetidae,nan,0,14,79,7,Elevation
960,680080,9842110,Baetidae,nan,0,23.86,80,113,Temperature
961,680080,9842110,Baetidae,nan,0,130,80,113,Conductivity
962,680080,9842110,Baetidae,nan,0,7.79,80,113,pH
963,680080,9842110,Baetidae,nan,0,3.75,80,113,Chlorophyll
964,680080,9842110,Baetidae,nan,0,10.49,80,113,Cl-
965,680080,9842110,Baetidae,nan,0,8.2,80,113,DO
966,680080,9842110,Baetidae,nan,0,22.75,80,113,Turbidity
967,680080,9842110,Baetidae,nan,0,8.14,80,113,COD
968,680080,9842110,Baetidae,nan,0,0.23,80,113,NO3--N
969,680080,9842110,Baetidae,nan,0,0.13,80,113,NH4+-N
970,680080,9842110,Baetidae,nan,0,0.3,80,113,velocity
971,680080,9842110,Baetidae,nan,0,66,80,113,Elevation
972,660316,9790963,Baetidae,nan,0,26.01,81,6,Temperature
973,660316,9790963,Baetidae,nan,0,325,81,6,Conductivity
974,660316,9790963,Baetidae,nan,0,8.07,81,6,pH
975,660316,9790963,Baetidae,nan,0,1.68,81,6,Chlorophyll
976,660316,9790963,Baetidae,nan,0,3.94,81,6,Cl-
977,660316,9790963,Baetidae,nan,0,8.18,81,6,DO
978,660316,9790963,Baetidae,nan,0,8.75,81,6,Turbidity
979,660316,9790963,Baetidae,nan,0,16.84,81,6,COD
980,660316,9790963,Baetidae,nan,0,0.54,81,6,NO3--N
981,660316,9790963,Baetidae,nan,0,0.04,81,6,NH4+-N
982,660316,9790963,Baetidae,nan,0,0.1,81,6,velocity
983,660316,9790963,Baetidae,nan,0,9,81,6,Elevation
984,585663,9831265,Baetidae,nan,0,29.07,82,24,Temperature
985,585663,9831265,Baetidae,nan,0,504,82,24,Conductivity
986,585663,9831265,Baetidae,nan,0,7.93,82,24,pH
987,585663,9831265,Baetidae,nan,0,3.18,82,24,Chlorophyll
988,585663,9831265,Baetidae,nan,0,4.58,82,24,Cl-
989,585663,9831265,Baetidae,nan,0,6.57,82,24,DO
990,585663,9831265,Baetidae,nan,0,4.54,82,24,Turbidity
991,585663,9831265,Baetidae,nan,0,11.4,82,24,COD
992,585663,9831265,Baetidae,nan,0,0.31,82,24,NO3--N
993,585663,9831265,Baetidae,nan,0,0.06,82,24,NH4+-N
994,585663,9831265,Baetidae,nan,0,0.4,82,24,velocity
995,585663,9831265,Baetidae,nan,0,63,82,24,Elevation
996,662501,9946057,Baetidae,nan,0,25.03,83,109,Temperature
997,662501,9946057,Baetidae,nan,0,71,83,109,Conductivity
998,662501,9946057,Baetidae,nan,0,8.42,83,109,pH
999,662501,9946057,Baetidae,nan,0,2.83,83,109,Chlorophyll
1000,662501,9946057,Baetidae,nan,0,1.66,83,109,Cl-
1001,662501,9946057,Baetidae,nan,0,9.45,83,109,DO
1002,662501,9946057,Baetidae,nan,0,1.58,83,109,Turbidity
1003,662501,9946057,Baetidae,nan,0,10.1,83,109,COD
1004,662501,9946057,Baetidae,nan,0,0.23,83,109,NO3--N
1005,662501,9946057,Baetidae,nan,0,0.12,83,109,NH4+-N
1006,662501,9946057,Baetidae,nan,0,0.2,83,109,velocity
1007,662501,9946057,Baetidae,nan,0,154,83,109,Elevation
1008,689952,9764180,Baetidae,nan,0,26.38,84,29,Temperature
1009,689952,9764180,Baetidae,nan,0,195,84,29,Conductivity
1010,689952,9764180,Baetidae,nan,0,7.29,84,29,pH
1011,689952,9764180,Baetidae,nan,0,0.83,84,29,Chlorophyll
1012,689952,9764180,Baetidae,nan,0,1.9,84,29,Cl-
1013,689952,9764180,Baetidae,nan,0,7.72,84,29,DO
1014,689952,9764180,Baetidae,nan,0,0,84,29,Turbidity
1015,689952,9764180,Baetidae,nan,0,5,84,29,COD
1016,689952,9764180,Baetidae,nan,0,1.43,84,29,NO3--N
1017,689952,9764180,Baetidae,nan,0,0.03,84,29,NH4+-N
1018,689952,9764180,Baetidae,nan,0,0.4,84,29,velocity
1019,689952,9764180,Baetidae,nan,0,94,84,29,Elevation
1020,678422,9762674,Baetidae,nan,0,23.76,85,25,Temperature
1021,678422,9762674,Baetidae,nan,0,297,85,25,Conductivity
1022,678422,9762674,Baetidae,nan,0,7.82,85,25,pH
1023,678422,9762674,Baetidae,nan,0,2.1,85,25,Chlorophyll
1024,678422,9762674,Baetidae,nan,0,5.32,85,25,Cl-
1025,678422,9762674,Baetidae,nan,0,7.83,85,25,DO
1026,678422,9762674,Baetidae,nan,0,4.03,85,25,Turbidity
1027,678422,9762674,Baetidae,nan,0,6.34,85,25,COD
1028,678422,9762674,Baetidae,nan,0,0.62,85,25,NO3--N
1029,678422,9762674,Baetidae,nan,0,0.06,85,25,NH4+-N
1030,678422,9762674,Baetidae,nan,0,0.6,85,25,velocity
1031,678422,9762674,Baetidae,nan,0,61,85,25,Elevation
1032,687899,9866116,Baetidae,nan,0,24.25,86,116,Temperature
1033,687899,9866116,Baetidae,nan,0,191,86,116,Conductivity
1034,687899,9866116,Baetidae,nan,0,8.38,86,116,pH
1035,687899,9866116,Baetidae,nan,0,1.6,86,116,Chlorophyll
1036,687899,9866116,Baetidae,nan,0,13.66,86,116,Cl-
1037,687899,9866116,Baetidae,nan,0,8.34,86,116,DO
1038,687899,9866116,Baetidae,nan,0,2.6,86,116,Turbidity
1039,687899,9866116,Baetidae,nan,0,10.7,86,116,COD
1040,687899,9866116,Baetidae,nan,0,0.23,86,116,NO3--N
1041,687899,9866116,Baetidae,nan,0,0.07,86,116,NH4+-N
1042,687899,9866116,Baetidae,nan,0,0.6,86,116,velocity
1043,687899,9866116,Baetidae,nan,0,134,86,116,Elevation
1044,687544,9932384,Baetidae,nan,0,24.16,87,3,Temperature
1045,687544,9932384,Baetidae,nan,0,82,87,3,Conductivity
1046,687544,9932384,Baetidae,nan,0,8.47,87,3,pH
1047,687544,9932384,Baetidae,nan,0,2.32,87,3,Chlorophyll
1048,687544,9932384,Baetidae,nan,0,1.55,87,3,Cl-
1049,687544,9932384,Baetidae,nan,0,8.77,87,3,DO
1050,687544,9932384,Baetidae,nan,0,1.86,87,3,Turbidity
1051,687544,9932384,Baetidae,nan,0,60,87,3,COD
1052,687544,9932384,Baetidae,nan,0,0.32,87,3,NO3--N
1053,687544,9932384,Baetidae,nan,0,0.04,87,3,NH4+-N
1054,687544,9932384,Baetidae,nan,0,0.2,87,3,velocity
1055,687544,9932384,Baetidae,nan,0,287,87,3,Elevation
1056,637089,9901117,Baetidae,nan,0,27.96,88,89,Temperature
1057,637089,9901117,Baetidae,nan,0,83,88,89,Conductivity
1058,637089,9901117,Baetidae,nan,0,7.24,88,89,pH
1059,637089,9901117,Baetidae,nan,0,6.7,88,89,Chlorophyll
1060,637089,9901117,Baetidae,nan,0,2.31,88,89,Cl-
1061,637089,9901117,Baetidae,nan,0,6.64,88,89,DO
1062,637089,9901117,Baetidae,nan,0,3.96,88,89,Turbidity
1063,637089,9901117,Baetidae,nan,0,12.6,88,89,COD
1064,637089,9901117,Baetidae,nan,0,0.27,88,89,NO3--N
1065,637089,9901117,Baetidae,nan,0,0.27,88,89,NH4+-N
1066,637089,9901117,Baetidae,nan,0,0,88,89,velocity
1067,637089,9901117,Baetidae,nan,0,76,88,89,Elevation
1068,584703,9819470,Baetidae,nan,0,34,89,21,Temperature
1069,584703,9819470,Baetidae,nan,0,755.67,89,21,Conductivity
1070,584703,9819470,Baetidae,nan,0,8.3,89,21,pH
1071,584703,9819470,Baetidae,nan,0,3.27,89,21,Chlorophyll
1072,584703,9819470,Baetidae,nan,0,2.1,89,21,Cl-
1073,584703,9819470,Baetidae,nan,0,7.86,89,21,DO
1074,584703,9819470,Baetidae,nan,0,1.4,89,21,Turbidity
1075,584703,9819470,Baetidae,nan,0,5,89,21,COD
1076,584703,9819470,Baetidae,nan,0,0.23,89,21,NO3--N
1077,584703,9819470,Baetidae,nan,0,0.04,89,21,NH4+-N
1078,584703,9819470,Baetidae,nan,0,0.4,89,21,velocity
1079,584703,9819470,Baetidae,nan,0,63,89,21,Elevation
1080,586330,9816671,Baetidae,nan,0,30.38,90,57,Temperature
1081,586330,9816671,Baetidae,nan,0,737.75,90,57,Conductivity
1082,586330,9816671,Baetidae,nan,0,8.31,90,57,pH
1083,586330,9816671,Baetidae,nan,0,2.38,90,57,Chlorophyll
1084,586330,9816671,Baetidae,nan,0,8.4,90,57,Cl-
1085,586330,9816671,Baetidae,nan,0,11.93,90,57,DO
1086,586330,9816671,Baetidae,nan,0,1.03,90,57,Turbidity
1087,586330,9816671,Baetidae,nan,0,7.57,90,57,COD
1088,586330,9816671,Baetidae,nan,0,0.23,90,57,NO3--N
1089,586330,9816671,Baetidae,nan,0,0.02,90,57,NH4+-N
1090,586330,9816671,Baetidae,nan,0,0.1,90,57,velocity
1091,586330,9816671,Baetidae,nan,0,87,90,57,Elevation
1092,704100,9825543,Baetidae,nan,0,20.55,91,15,Temperature
1093,704100,9825543,Baetidae,nan,0,105,91,15,Conductivity
1094,704100,9825543,Baetidae,nan,0,8.11,91,15,pH
1095,704100,9825543,Baetidae,nan,0,1.7,91,15,Chlorophyll
1096,704100,9825543,Baetidae,nan,0,1.31,91,15,Cl-
1097,704100,9825543,Baetidae,nan,0,8.22,91,15,DO
1098,704100,9825543,Baetidae,nan,0,1.37,91,15,Turbidity
1099,704100,9825543,Baetidae,nan,0,5,91,15,COD
1100,704100,9825543,Baetidae,nan,0,0.23,91,15,NO3--N
1101,704100,9825543,Baetidae,nan,0,0.03,91,15,NH4+-N
1102,704100,9825543,Baetidae,nan,0,0.75,91,15,velocity
1103,704100,9825543,Baetidae,nan,0,870,91,15,Elevation
1104,633831,9908639,Baetidae,nan,0,28.21,92,17,Temperature
1105,633831,9908639,Baetidae,nan,0,105,92,17,Conductivity
1106,633831,9908639,Baetidae,nan,0,7.69,92,17,pH
1107,633831,9908639,Baetidae,nan,0,7,92,17,Chlorophyll
1108,633831,9908639,Baetidae,nan,0,1.71,92,17,Cl-
1109,633831,9908639,Baetidae,nan,0,10.69,92,17,DO
1110,633831,9908639,Baetidae,nan,0,7.8,92,17,Turbidity
1111,633831,9908639,Baetidae,nan,0,,92,17,COD
1112,633831,9908639,Baetidae,nan,0,,92,17,NO3--N
1113,633831,9908639,Baetidae,nan,0,,92,17,NH4+-N
1114,633831,9908639,Baetidae,nan,0,0,92,17,velocity
1115,633831,9908639,Baetidae,nan,0,101,92,17,Elevation
1116,635599,9901614,Baetidae,nan,0,27.67,93,90,Temperature
1117,635599,9901614,Baetidae,nan,0,83,93,90,Conductivity
1118,635599,9901614,Baetidae,nan,0,7.59,93,90,pH
1119,635599,9901614,Baetidae,nan,0,7.05,93,90,Chlorophyll
1120,635599,9901614,Baetidae,nan,0,2.5,93,90,Cl-
1121,635599,9901614,Baetidae,nan,0,8.07,93,90,DO
1122,635599,9901614,Baetidae,nan,0,6.6,93,90,Turbidity
1123,635599,9901614,Baetidae,nan,0,9.96,93,90,COD
1124,635599,9901614,Baetidae,nan,0,0.31,93,90,NO3--N
1125,635599,9901614,Baetidae,nan,0,0.31,93,90,NH4+-N
1126,635599,9901614,Baetidae,nan,0,0,93,90,velocity
1127,635599,9901614,Baetidae,nan,0,86,93,90,Elevation
1128,640291,9901484,Baetidae,nan,0,28.91,94,66,Temperature
1129,640291,9901484,Baetidae,nan,0,79,94,66,Conductivity
1130,640291,9901484,Baetidae,nan,0,7.51,94,66,pH
1131,640291,9901484,Baetidae,nan,0,5.46,94,66,Chlorophyll
1132,640291,9901484,Baetidae,nan,0,1.99,94,66,Cl-
1133,640291,9901484,Baetidae,nan,0,8.43,94,66,DO
1134,640291,9901484,Baetidae,nan,0,5.2,94,66,Turbidity
1135,640291,9901484,Baetidae,nan,0,21.9,94,66,COD
1136,640291,9901484,Baetidae,nan,0,0.23,94,66,NO3--N
1137,640291,9901484,Baetidae,nan,0,0.02,94,66,NH4+-N
1138,640291,9901484,Baetidae,nan,0,0,94,66,velocity
1139,640291,9901484,Baetidae,nan,0,86,94,66,Elevation
1140,656713,9906694,Baetidae,nan,0,26.69,95,82,Temperature
1141,656713,9906694,Baetidae,nan,0,71,95,82,Conductivity
1142,656713,9906694,Baetidae,nan,0,7,95,82,pH
1143,656713,9906694,Baetidae,nan,0,7.62,95,82,Chlorophyll
1144,656713,9906694,Baetidae,nan,0,2.6,95,82,Cl-
1145,656713,9906694,Baetidae,nan,0,7.29,95,82,DO
1146,656713,9906694,Baetidae,nan,0,3.6,95,82,Turbidity
1147,656713,9906694,Baetidae,nan,0,,95,82,COD
1148,656713,9906694,Baetidae,nan,0,0.24,95,82,NO3--N
1149,656713,9906694,Baetidae,nan,0,0.02,95,82,NH4+-N
1150,656713,9906694,Baetidae,nan,0,0,95,82,velocity
1151,656713,9906694,Baetidae,nan,0,84,95,82,Elevation
1152,683594,9934449,Baetidae,nan,0,25.14,96,2,Temperature
1153,683594,9934449,Baetidae,nan,0,99,96,2,Conductivity
1154,683594,9934449,Baetidae,nan,0,8.32,96,2,pH
1155,683594,9934449,Baetidae,nan,0,1.75,96,2,Chlorophyll
1156,683594,9934449,Baetidae,nan,0,2.64,96,2,Cl-
1157,683594,9934449,Baetidae,nan,0,8.84,96,2,DO
1158,683594,9934449,Baetidae,nan,0,0.33,96,2,Turbidity
1159,683594,9934449,Baetidae,nan,0,5,96,2,COD
1160,683594,9934449,Baetidae,nan,0,0.27,96,2,NO3--N
1161,683594,9934449,Baetidae,nan,0,0.09,96,2,NH4+-N
1162,683594,9934449,Baetidae,nan,0,0.6,96,2,velocity
1163,683594,9934449,Baetidae,nan,0,141,96,2,Elevation
1164,686015,9763355,Baetidae,nan,0,25.1,97,28,Temperature
1165,686015,9763355,Baetidae,nan,0,255,97,28,Conductivity
1166,686015,9763355,Baetidae,nan,0,7.47,97,28,pH
1167,686015,9763355,Baetidae,nan,0,1.15,97,28,Chlorophyll
1168,686015,9763355,Baetidae,nan,0,2.84,97,28,Cl-
1169,686015,9763355,Baetidae,nan,0,7.08,97,28,DO
1170,686015,9763355,Baetidae,nan,0,0,97,28,Turbidity
1171,686015,9763355,Baetidae,nan,0,5,97,28,COD
1172,686015,9763355,Baetidae,nan,0,1.63,97,28,NO3--N
1173,686015,9763355,Baetidae,nan,0,0.02,97,28,NH4+-N
1174,686015,9763355,Baetidae,nan,0,0.45,97,28,velocity
1175,686015,9763355,Baetidae,nan,0,84,97,28,Elevation
1176,680080,9842110,Baetidae,nan,0,23.86,98,113,Temperature
1177,680080,9842110,Baetidae,nan,0,130,98,113,Conductivity
1178,680080,9842110,Baetidae,nan,0,7.79,98,113,pH
1179,680080,9842110,Baetidae,nan,0,3.75,98,113,Chlorophyll
1180,680080,9842110,Baetidae,nan,0,10.49,98,113,Cl-
1181,680080,9842110,Baetidae,nan,0,8.2,98,113,DO
1182,680080,9842110,Baetidae,nan,0,22.75,98,113,Turbidity
1183,680080,9842110,Baetidae,nan,0,8.14,98,113,COD
1184,680080,9842110,Baetidae,nan,0,0.23,98,113,NO3--N
1185,680080,9842110,Baetidae,nan,0,0.13,98,113,NH4+-N
1186,680080,9842110,Baetidae,nan,0,0.3,98,113,velocity
1187,680080,9842110,Baetidae,nan,0,66,98,113,Elevation
1188,635599,9901614,Baetidae,nan,0,27.67,99,90,Temperature
1189,635599,9901614,Baetidae,nan,0,83,99,90,Conductivity
1190,635599,9901614,Baetidae,nan,0,7.59,99,90,pH
1191,635599,9901614,Baetidae,nan,0,7.05,99,90,Chlorophyll
1192,635599,9901614,Baetidae,nan,0,2.5,99,90,Cl-
1193,635599,9901614,Baetidae,nan,0,8.07,99,90,DO
1194,635599,9901614,Baetidae,nan,0,6.6,99,90,Turbidity
1195,635599,9901614,Baetidae,nan,0,9.96,99,90,COD
1196,635599,9901614,Baetidae,nan,0,0.31,99,90,NO3--N
1197,635599,9901614,Baetidae,nan,0,0.31,99,90,NH4+-N
1198,635599,9901614,Baetidae,nan,0,0,99,90,velocity
1199,635599,9901614,Baetidae,nan,0,86,99,90,Elevation
1200,648585,9885921,Baetidae,nan,0,24.97,100,54,Temperature
1201,648585,9885921,Baetidae,nan,0,183.2,100,54,Conductivity
1202,648585,9885921,Baetidae,nan,0,7.52,100,54,pH
1203,648585,9885921,Baetidae,nan,0,1.26,100,54,Chlorophyll
1204,648585,9885921,Baetidae,nan,0,2.57,100,54,Cl-
1205,648585,9885921,Baetidae,nan,0,6.17,100,54,DO
1206,648585,9885921,Baetidae,nan,0,0.83,100,54,Turbidity
1207,648585,9885921,Baetidae,nan,0,12.4,100,54,COD
1208,648585,9885921,Baetidae,nan,0,0.23,100,54,NO3--N
1209,648585,9885921,Baetidae,nan,0,0.1,100,54,NH4+-N
1210,648585,9885921,Baetidae,nan,0,0.5,100,54,velocity
1211,648585,9885921,Baetidae,nan,0,32,100,54,Elevation
1212,664370,9801174,Baetidae,nan,0,26.06,101,9,Temperature
1213,664370,9801174,Baetidae,nan,0,187,101,9,Conductivity
1214,664370,9801174,Baetidae,nan,0,7.23,101,9,pH
1215,664370,9801174,Baetidae,nan,0,4.4,101,9,Chlorophyll
1216,664370,9801174,Baetidae,nan,0,2.14,101,9,Cl-
1217,664370,9801174,Baetidae,nan,0,5.52,101,9,DO
1218,664370,9801174,Baetidae,nan,0,18.4,101,9,Turbidity
1219,664370,9801174,Baetidae,nan,0,18.2,101,9,COD
1220,664370,9801174,Baetidae,nan,0,0.55,101,9,NO3--N
1221,664370,9801174,Baetidae,nan,0,0.1,101,9,NH4+-N
1222,664370,9801174,Baetidae,nan,0,0.15,101,9,velocity
1223,664370,9801174,Baetidae,nan,0,2,101,9,Elevation
1224,626510,9792974,Baetidae,nan,0,28.42,102,8,Temperature
1225,626510,9792974,Baetidae,nan,0,139.33,102,8,Conductivity
1226,626510,9792974,Baetidae,nan,0,8.19,102,8,pH
1227,626510,9792974,Baetidae,nan,0,10.07,102,8,Chlorophyll
1228,626510,9792974,Baetidae,nan,0,3.48,102,8,Cl-
1229,626510,9792974,Baetidae,nan,0,8.7,102,8,DO
1230,626510,9792974,Baetidae,nan,0,7.9,102,8,Turbidity
1231,626510,9792974,Baetidae,nan,0,25,102,8,COD
1232,626510,9792974,Baetidae,nan,0,0.23,102,8,NO3--N
1233,626510,9792974,Baetidae,nan,0,0.1,102,8,NH4+-N
1234,626510,9792974,Baetidae,nan,0,0.05,102,8,velocity
1235,626510,9792974,Baetidae,nan,0,3,102,8,Elevation
1236,656787,9784258,Baetidae,nan,0,26.48,103,5,Temperature
1237,656787,9784258,Baetidae,nan,0,540.75,103,5,Conductivity
1238,656787,9784258,Baetidae,nan,0,7.53,103,5,pH
1239,656787,9784258,Baetidae,nan,0,7.4,103,5,Chlorophyll
1240,656787,9784258,Baetidae,nan,0,6.14,103,5,Cl-
1241,656787,9784258,Baetidae,nan,0,5.78,103,5,DO
1242,656787,9784258,Baetidae,nan,0,8.23,103,5,Turbidity
1243,656787,9784258,Baetidae,nan,0,21.4,103,5,COD
1244,656787,9784258,Baetidae,nan,0,0.26,103,5,NO3--N
1245,656787,9784258,Baetidae,nan,0,0.05,103,5,NH4+-N
1246,656787,9784258,Baetidae,nan,0,0,103,5,velocity
1247,656787,9784258,Baetidae,nan,0,6,103,5,Elevation
1248,670892,9886421,Baetidae,nan,0,26.2,104,64,Temperature
1249,670892,9886421,Baetidae,nan,0,200,104,64,Conductivity
1250,670892,9886421,Baetidae,nan,0,7.2,104,64,pH
1251,670892,9886421,Baetidae,nan,0,2.95,104,64,Chlorophyll
1252,670892,9886421,Baetidae,nan,0,9.13,104,64,Cl-
1253,670892,9886421,Baetidae,nan,0,5.74,104,64,DO
1254,670892,9886421,Baetidae,nan,0,6.18,104,64,Turbidity
1255,670892,9886421,Baetidae,nan,0,48.8,104,64,COD
1256,670892,9886421,Baetidae,nan,0,0.57,104,64,NO3--N
1257,670892,9886421,Baetidae,nan,0,1.89,104,64,NH4+-N
1258,670892,9886421,Baetidae,nan,0,0.25,104,64,velocity
1259,670892,9886421,Baetidae,nan,0,55,104,64,Elevation
1260,664370,9801174,Baetidae,nan,0,26.06,105,9,Temperature
1261,664370,9801174,Baetidae,nan,0,187,105,9,Conductivity
1262,664370,9801174,Baetidae,nan,0,7.23,105,9,pH
1263,664370,9801174,Baetidae,nan,0,4.4,105,9,Chlorophyll
1264,664370,9801174,Baetidae,nan,0,2.14,105,9,Cl-
1265,664370,9801174,Baetidae,nan,0,5.52,105,9,DO
1266,664370,9801174,Baetidae,nan,0,18.4,105,9,Turbidity
1267,664370,9801174,Baetidae,nan,0,18.2,105,9,COD
1268,664370,9801174,Baetidae,nan,0,0.55,105,9,NO3--N
1269,664370,9801174,Baetidae,nan,0,0.1,105,9,NH4+-N
1270,664370,9801174,Baetidae,nan,0,0.15,105,9,velocity
1271,664370,9801174,Baetidae,nan,0,2,105,9,Elevation
1272,648585,9885921,Baetidae,nan,0,24.97,106,54,Temperature
1273,648585,9885921,Baetidae,nan,0,183.2,106,54,Conductivity
1274,648585,9885921,Baetidae,nan,0,7.52,106,54,pH
1275,648585,9885921,Baetidae,nan,0,1.26,106,54,Chlorophyll
1276,648585,9885921,Baetidae,nan,0,2.57,106,54,Cl-
1277,648585,9885921,Baetidae,nan,0,6.17,106,54,DO
1278,648585,9885921,Baetidae,nan,0,0.83,106,54,Turbidity
1279,648585,9885921,Baetidae,nan,0,12.4,106,54,COD
1280,648585,9885921,Baetidae,nan,0,0.23,106,54,NO3--N
1281,648585,9885921,Baetidae,nan,0,0.1,106,54,NH4+-N
1282,648585,9885921,Baetidae,nan,0,0.5,106,54,velocity
1283,648585,9885921,Baetidae,nan,0,32,106,54,Elevation
1284,685621,9822847,Baetidae,nan,0,24.92,107,12,Temperature
1285,685621,9822847,Baetidae,nan,0,79,107,12,Conductivity
1286,685621,9822847,Baetidae,nan,0,7.58,107,12,pH
1287,685621,9822847,Baetidae,nan,0,0.9,107,12,Chlorophyll
1288,685621,9822847,Baetidae,nan,0,1.98,107,12,Cl-
1289,685621,9822847,Baetidae,nan,0,8.19,107,12,DO
1290,685621,9822847,Baetidae,nan,0,3.37,107,12,Turbidity
1291,685621,9822847,Baetidae,nan,0,6.88,107,12,COD
1292,685621,9822847,Baetidae,nan,0,0.23,107,12,NO3--N
1293,685621,9822847,Baetidae,nan,0,0.04,107,12,NH4+-N
1294,685621,9822847,Baetidae,nan,0,0.3,107,12,velocity
1295,685621,9822847,Baetidae,nan,0,138,107,12,Elevation
1296,585663,9831265,Baetidae,nan,0,29.07,108,24,Temperature
1297,585663,9831265,Baetidae,nan,0,504,108,24,Conductivity
1298,585663,9831265,Baetidae,nan,0,7.93,108,24,pH
1299,585663,9831265,Baetidae,nan,0,3.18,108,24,Chlorophyll
1300,585663,9831265,Baetidae,nan,0,4.58,108,24,Cl-
1301,585663,9831265,Baetidae,nan,0,6.57,108,24,DO
1302,585663,9831265,Baetidae,nan,0,4.54,108,24,Turbidity
1303,585663,9831265,Baetidae,nan,0,11.4,108,24,COD
1304,585663,9831265,Baetidae,nan,0,0.31,108,24,NO3--N
1305,585663,9831265,Baetidae,nan,0,0.06,108,24,NH4+-N
1306,585663,9831265,Baetidae,nan,0,0.4,108,24,velocity
1307,585663,9831265,Baetidae,nan,0,63,108,24,Elevation
1308,639139,9901583,Baetidae,nan,0,27.79,109,87,Temperature
1309,639139,9901583,Baetidae,nan,0,85,109,87,Conductivity
1310,639139,9901583,Baetidae,nan,0,7.09,109,87,pH
1311,639139,9901583,Baetidae,nan,0,4.7,109,87,Chlorophyll
1312,639139,9901583,Baetidae,nan,0,2.02,109,87,Cl-
1313,639139,9901583,Baetidae,nan,0,6.28,109,87,DO
1314,639139,9901583,Baetidae,nan,0,2.07,109,87,Turbidity
1315,639139,9901583,Baetidae,nan,0,13.9,109,87,COD
1316,639139,9901583,Baetidae,nan,0,0.23,109,87,NO3--N
1317,639139,9901583,Baetidae,nan,0,0.22,109,87,NH4+-N
1318,639139,9901583,Baetidae,nan,0,0,109,87,velocity
1319,639139,9901583,Baetidae,nan,0,84,109,87,Elevation
1320,677242,9944586,Baetidae,nan,0,22.62,110,105,Temperature
1321,677242,9944586,Baetidae,nan,0,120,110,105,Conductivity
1322,677242,9944586,Baetidae,nan,0,7.66,110,105,pH
1323,677242,9944586,Baetidae,nan,0,2.5,110,105,Chlorophyll
1324,677242,9944586,Baetidae,nan,0,1.04,110,105,Cl-
1325,677242,9944586,Baetidae,nan,0,7.63,110,105,DO
1326,677242,9944586,Baetidae,nan,0,2.58,110,105,Turbidity
1327,677242,9944586,Baetidae,nan,0,7.22,110,105,COD
1328,677242,9944586,Baetidae,nan,0,0.8,110,105,NO3--N
1329,677242,9944586,Baetidae,nan,0,0.09,110,105,NH4+-N
1330,677242,9944586,Baetidae,nan,0,0.2,110,105,velocity
1331,677242,9944586,Baetidae,nan,0,160,110,105,Elevation
1332,670892,9886421,Baetidae,nan,0,26.2,111,64,Temperature
1333,670892,9886421,Baetidae,nan,0,200,111,64,Conductivity
1334,670892,9886421,Baetidae,nan,0,7.2,111,64,pH
1335,670892,9886421,Baetidae,nan,0,2.95,111,64,Chlorophyll
1336,670892,9886421,Baetidae,nan,0,9.13,111,64,Cl-
1337,670892,9886421,Baetidae,nan,0,5.74,111,64,DO
1338,670892,9886421,Baetidae,nan,0,6.18,111,64,Turbidity
1339,670892,9886421,Baetidae,nan,0,48.8,111,64,COD
1340,670892,9886421,Baetidae,nan,0,0.57,111,64,NO3--N
1341,670892,9886421,Baetidae,nan,0,1.89,111,64,NH4+-N
1342,670892,9886421,Baetidae,nan,0,0.25,111,64,velocity
1343,670892,9886421,Baetidae,nan,0,55,111,64,Elevation
1344,626510,9792974,Baetidae,nan,0,28.42,112,8,Temperature
1345,626510,9792974,Baetidae,nan,0,139.33,112,8,Conductivity
1346,626510,9792974,Baetidae,nan,0,8.19,112,8,pH
1347,626510,9792974,Baetidae,nan,0,10.07,112,8,Chlorophyll
1348,626510,9792974,Baetidae,nan,0,3.48,112,8,Cl-
1349,626510,9792974,Baetidae,nan,0,8.7,112,8,DO
1350,626510,9792974,Baetidae,nan,0,7.9,112,8,Turbidity
1351,626510,9792974,Baetidae,nan,0,25,112,8,COD
1352,626510,9792974,Baetidae,nan,0,0.23,112,8,NO3--N
1353,626510,9792974,Baetidae,nan,0,0.1,112,8,NH4+-N
1354,626510,9792974,Baetidae,nan,0,0.05,112,8,velocity
1355,626510,9792974,Baetidae,nan,0,3,112,8,Elevation
1356,586780,9803668,Baetidae,nan,0,32.61,113,56,Temperature
1357,586780,9803668,Baetidae,nan,0,594,113,56,Conductivity
1358,586780,9803668,Baetidae,nan,0,8.37,113,56,pH
1359,586780,9803668,Baetidae,nan,0,2.3,113,56,Chlorophyll
1360,586780,9803668,Baetidae,nan,0,5.87,113,56,Cl-
1361,586780,9803668,Baetidae,nan,0,8.65,113,56,DO
1362,586780,9803668,Baetidae,nan,0,1.5,113,56,Turbidity
1363,586780,9803668,Baetidae,nan,0,12.9,113,56,COD
1364,586780,9803668,Baetidae,nan,0,0.23,113,56,NO3--N
1365,586780,9803668,Baetidae,nan,0,0.02,113,56,NH4+-N
1366,586780,9803668,Baetidae,nan,0,0.1,113,56,velocity
1367,586780,9803668,Baetidae,nan,0,64,113,56,Elevation
1368,584703,9819470,Baetidae,nan,0,34,114,21,Temperature
1369,584703,9819470,Baetidae,nan,0,755.67,114,21,Conductivity
1370,584703,9819470,Baetidae,nan,0,8.3,114,21,pH
1371,584703,9819470,Baetidae,nan,0,3.27,114,21,Chlorophyll
1372,584703,9819470,Baetidae,nan,0,2.1,114,21,Cl-
1373,584703,9819470,Baetidae,nan,0,7.86,114,21,DO
1374,584703,9819470,Baetidae,nan,0,1.4,114,21,Turbidity
1375,584703,9819470,Baetidae,nan,0,5,114,21,COD
1376,584703,9819470,Baetidae,nan,0,0.23,114,21,NO3--N
1377,584703,9819470,Baetidae,nan,0,0.04,114,21,NH4+-N
1378,584703,9819470,Baetidae,nan,0,0.4,114,21,velocity
1379,584703,9819470,Baetidae,nan,0,63,114,21,Elevation
1380,687544,9932384,Baetidae,nan,0,24.16,115,3,Temperature
1381,687544,9932384,Baetidae,nan,0,82,115,3,Conductivity
1382,687544,9932384,Baetidae,nan,0,8.47,115,3,pH
1383,687544,9932384,Baetidae,nan,0,2.32,115,3,Chlorophyll
1384,687544,9932384,Baetidae,nan,0,1.55,115,3,Cl-
1385,687544,9932384,Baetidae,nan,0,8.77,115,3,DO
1386,687544,9932384,Baetidae,nan,0,1.86,115,3,Turbidity
1387,687544,9932384,Baetidae,nan,0,60,115,3,COD
1388,687544,9932384,Baetidae,nan,0,0.32,115,3,NO3--N
1389,687544,9932384,Baetidae,nan,0,0.04,115,3,NH4+-N
1390,687544,9932384,Baetidae,nan,0,0.2,115,3,velocity
1391,687544,9932384,Baetidae,nan,0,287,115,3,Elevation
1392,656713,9906694,Baetidae,nan,0,26.69,116,82,Temperature
1393,656713,9906694,Baetidae,nan,0,71,116,82,Conductivity
1394,656713,9906694,Baetidae,nan,0,7,116,82,pH
1395,656713,9906694,Baetidae,nan,0,7.62,116,82,Chlorophyll
1396,656713,9906694,Baetidae,nan,0,2.6,116,82,Cl-
1397,656713,9906694,Baetidae,nan,0,7.29,116,82,DO
1398,656713,9906694,Baetidae,nan,0,3.6,116,82,Turbidity
1399,656713,9906694,Baetidae,nan,0,,116,82,COD
1400,656713,9906694,Baetidae,nan,0,0.24,116,82,NO3--N
1401,656713,9906694,Baetidae,nan,0,0.02,116,82,NH4+-N
1402,656713,9906694,Baetidae,nan,0,0,116,82,velocity
1403,656713,9906694,Baetidae,nan,0,84,116,82,Elevation
1404,688888,9767770,Baetidae,nan,0,25.13,117,38,Temperature
1405,688888,9767770,Baetidae,nan,0,188.17,117,38,Conductivity
1406,688888,9767770,Baetidae,nan,0,7.96,117,38,pH
1407,688888,9767770,Baetidae,nan,0,1.18,117,38,Chlorophyll
1408,688888,9767770,Baetidae,nan,0,1.49,117,38,Cl-
1409,688888,9767770,Baetidae,nan,0,7.98,117,38,DO
1410,688888,9767770,Baetidae,nan,0,0.9,117,38,Turbidity
1411,688888,9767770,Baetidae,nan,0,20.2,117,38,COD
1412,688888,9767770,Baetidae,nan,0,2,117,38,NO3--N
1413,688888,9767770,Baetidae,nan,0,0.015,117,38,NH4+-N
1414,688888,9767770,Baetidae,nan,0,0.3,117,38,velocity
1415,688888,9767770,Baetidae,nan,0,88,117,38,Elevation
1416,677318,9932164,Baetidae,nan,0,26.46,118,0,Temperature
1417,677318,9932164,Baetidae,nan,0,142,118,0,Conductivity
1418,677318,9932164,Baetidae,nan,0,7.2,118,0,pH
1419,677318,9932164,Baetidae,nan,0,29.73,118,0,Chlorophyll
1420,677318,9932164,Baetidae,nan,0,8.63,118,0,Cl-
1421,677318,9932164,Baetidae,nan,0,5.91,118,0,DO
1422,677318,9932164,Baetidae,nan,0,6.08,118,0,Turbidity
1423,677318,9932164,Baetidae,nan,0,12.1,118,0,COD
1424,677318,9932164,Baetidae,nan,0,0.5,118,0,NO3--N
1425,677318,9932164,Baetidae,nan,0,0.47,118,0,NH4+-N
1426,677318,9932164,Baetidae,nan,0,0,118,0,velocity
1427,677318,9932164,Baetidae,nan,0,162,118,0,Elevation
1428,685621,9822847,Baetidae,nan,0,24.92,119,12,Temperature
1429,685621,9822847,Baetidae,nan,0,79,119,12,Conductivity
1430,685621,9822847,Baetidae,nan,0,7.58,119,12,pH
1431,685621,9822847,Baetidae,nan,0,0.9,119,12,Chlorophyll
1432,685621,9822847,Baetidae,nan,0,1.98,119,12,Cl-
1433,685621,9822847,Baetidae,nan,0,8.19,119,12,DO
1434,685621,9822847,Baetidae,nan,0,3.37,119,12,Turbidity
1435,685621,9822847,Baetidae,nan,0,6.88,119,12,COD
1436,685621,9822847,Baetidae,nan,0,0.23,119,12,NO3--N
1437,685621,9822847,Baetidae,nan,0,0.04,119,12,NH4+-N
1438,685621,9822847,Baetidae,nan,0,0.3,119,12,velocity
1439,685621,9822847,Baetidae,nan,0,138,119,12,Elevation
