,variable,type,low,b1,b2,b3,b4,high,a1,a2,a3,a4,sample,ID,generation
7,COD,continuous,5.0,5.0,22.5,8.73,60.0,117.6,,,,,0,2,0
3,Chlorophyll,continuous,0.73,0.73,5.6725,1.9225,25.43,66.84,,,,,0,2,0
4,Cl-,continuous,0.53,0.53,3.7725,1.86,55.84,181.74,,,,,0,2,0
1,Conductivity,continuous,36.5,36.5,208.0,80.65,749.25,1981.0,70.8717908887913,207.92172085070192,300.9797428794823,453.3991775638467,<GA.substring object at 0x7f8c50494128>,2,0
5,DO,continuous,1.97,1.97,8.2725,6.5875,10.65,13.63,,,,,0,2,0
11,Elevation,continuous,2.0,3.0,165.0,43.5,1075.0,1075.0,,,,,0,2,0
9,NH4+-N,continuous,0.015,0.02,0.095,0.03,1.26,8.8,,,,,0,2,0
8,NO3--N,continuous,0.23,0.23,0.29,0.23,0.95,2.0,,,,,0,2,0
0,Temperature,continuous,19.04,19.04,27.01,24.805,32.22,34.0,22.70157347198012,25.693575975909578,26.09411454058516,29.74165214095524,<GA.substring object at 0x7f8c50480fd0>,2,0
6,Turbidity,continuous,0.0,0.2,5.07,1.3725,85.43,355.63,,,,,0,2,0
2,pH,continuous,6.56,6.69,8.16,7.18,8.8,8.87,,,,,0,2,0
10,velocity,continuous,0.0,0.0,0.4,0.0,1.0,1.5,,,,,0,2,0
7,COD,continuous,5.0,5.0,22.5,8.73,60.0,117.6,,,,,0,2,1
3,Chlorophyll,continuous,0.73,0.73,5.6725,1.9225,25.43,66.84,,,,,0,2,1
4,Cl-,continuous,0.53,0.53,3.7725,1.86,55.84,181.74,,,,,0,2,1
1,Conductivity,continuous,36.5,36.5,208.0,80.65,749.25,1981.0,70.8717908887913,207.92172085070192,300.9797428794823,453.3991775638467,<GA.substring object at 0x7f8c50494128>,2,1
5,DO,continuous,1.97,1.97,8.2725,6.5875,10.65,13.63,,,,,0,2,1
11,Elevation,continuous,2.0,3.0,165.0,43.5,1075.0,1075.0,,,,,0,2,1
9,NH4+-N,continuous,0.015,0.02,0.095,0.03,1.26,8.8,,,,,0,2,1
8,NO3--N,continuous,0.23,0.23,0.29,0.23,0.95,2.0,,,,,0,2,1
0,Temperature,continuous,19.04,19.04,27.01,24.805,32.22,34.0,22.70157347198012,25.693575975909578,26.09411454058516,29.74165214095524,<GA.substring object at 0x7f8c50480fd0>,2,1
6,Turbidity,continuous,0.0,0.2,5.07,1.3725,85.43,355.63,,,,,0,2,1
2,pH,continuous,6.56,6.69,8.16,7.18,8.8,8.87,,,,,0,2,1
10,velocity,continuous,0.0,0.0,0.4,0.0,1.0,1.5,,,,,0,2,1
7,COD,continuous,5.0,5.0,22.5,8.73,60.0,117.6,,,,,0,2,2
3,Chlorophyll,continuous,0.73,0.73,5.6725,1.9225,25.43,66.84,,,,,0,2,2
4,Cl-,continuous,0.53,0.53,3.7725,1.86,55.84,181.74,,,,,0,2,2
1,Conductivity,continuous,36.5,36.5,208.0,80.65,749.25,1981.0,70.8717908887913,207.92172085070192,300.9797428794823,453.3991775638467,<GA.substring object at 0x7f8c50494128>,2,2
5,DO,continuous,1.97,1.97,8.2725,6.5875,10.65,13.63,,,,,0,2,2
11,Elevation,continuous,2.0,3.0,165.0,43.5,1075.0,1075.0,,,,,0,2,2
9,NH4+-N,continuous,0.015,0.02,0.095,0.03,1.26,8.8,,,,,0,2,2
8,NO3--N,continuous,0.23,0.23,0.29,0.23,0.95,2.0,,,,,0,2,2
0,Temperature,continuous,19.04,19.04,27.01,24.805,32.22,34.0,22.70157347198012,25.693575975909578,26.09411454058516,29.74165214095524,<GA.substring object at 0x7f8c50480fd0>,2,2
6,Turbidity,continuous,0.0,0.2,5.07,1.3725,85.43,355.63,,,,,0,2,2
2,pH,continuous,6.56,6.69,8.16,7.18,8.8,8.87,,,,,0,2,2
10,velocity,continuous,0.0,0.0,0.4,0.0,1.0,1.5,,,,,0,2,2
7,COD,continuous,5.0,5.0,22.5,8.73,60.0,117.6,,,,,0,164,3
3,Chlorophyll,continuous,0.73,0.73,5.6725,1.9225,25.43,66.84,,,,,0,164,3
4,Cl-,continuous,0.53,0.53,3.7725,1.86,55.84,181.74,,,,,0,164,3
1,Conductivity,continuous,36.5,36.5,208.0,80.65,749.25,1981.0,70.8717908887913,207.92172085070192,300.9797428794823,453.3991775638467,<GA.substring object at 0x7f8c50494128>,164,3
5,DO,continuous,1.97,1.97,8.2725,6.5875,10.65,13.63,,,,,0,164,3
11,Elevation,continuous,2.0,3.0,165.0,43.5,1075.0,1075.0,25.689865260006886,67.3032526392267,284.23508404912843,645.7391772791307,<GA.substring object at 0x7f8c46641cc0>,164,3
9,NH4+-N,continuous,0.015,0.02,0.095,0.03,1.26,8.8,,,,,0,164,3
8,NO3--N,continuous,0.23,0.23,0.29,0.23,0.95,2.0,,,,,0,164,3
0,Temperature,continuous,19.04,19.04,27.01,24.805,32.22,34.0,,,,,0,164,3
6,Turbidity,continuous,0.0,0.2,5.07,1.3725,85.43,355.63,,,,,0,164,3
2,pH,continuous,6.56,6.69,8.16,7.18,8.8,8.87,,,,,0,164,3
10,velocity,continuous,0.0,0.0,0.4,0.0,1.0,1.5,,,,,0,164,3
7,COD,continuous,5.0,5.0,22.5,8.73,60.0,117.6,,,,,0,164,4
3,Chlorophyll,continuous,0.73,0.73,5.6725,1.9225,25.43,66.84,,,,,0,164,4
4,Cl-,continuous,0.53,0.53,3.7725,1.86,55.84,181.74,,,,,0,164,4
1,Conductivity,continuous,36.5,36.5,208.0,80.65,749.25,1981.0,70.8717908887913,207.92172085070192,300.9797428794823,453.3991775638467,<GA.substring object at 0x7f8c50494128>,164,4
5,DO,continuous,1.97,1.97,8.2725,6.5875,10.65,13.63,,,,,0,164,4
11,Elevation,continuous,2.0,3.0,165.0,43.5,1075.0,1075.0,25.689865260006886,67.3032526392267,284.23508404912843,645.7391772791307,<GA.substring object at 0x7f8c46641cc0>,164,4
9,NH4+-N,continuous,0.015,0.02,0.095,0.03,1.26,8.8,,,,,0,164,4
8,NO3--N,continuous,0.23,0.23,0.29,0.23,0.95,2.0,,,,,0,164,4
0,Temperature,continuous,19.04,19.04,27.01,24.805,32.22,34.0,,,,,0,164,4
6,Turbidity,continuous,0.0,0.2,5.07,1.3725,85.43,355.63,,,,,0,164,4
2,pH,continuous,6.56,6.69,8.16,7.18,8.8,8.87,,,,,0,164,4
10,velocity,continuous,0.0,0.0,0.4,0.0,1.0,1.5,,,,,0,164,4
7,COD,continuous,5.0,5.0,22.5,8.73,60.0,117.6,,,,,0,164,5
3,Chlorophyll,continuous,0.73,0.73,5.6725,1.9225,25.43,66.84,,,,,0,164,5
4,Cl-,continuous,0.53,0.53,3.7725,1.86,55.84,181.74,,,,,0,164,5
1,Conductivity,continuous,36.5,36.5,208.0,80.65,749.25,1981.0,70.8717908887913,207.92172085070192,300.9797428794823,453.3991775638467,<GA.substring object at 0x7f8c50494128>,164,5
5,DO,continuous,1.97,1.97,8.2725,6.5875,10.65,13.63,,,,,0,164,5
11,Elevation,continuous,2.0,3.0,165.0,43.5,1075.0,1075.0,25.689865260006886,67.3032526392267,284.23508404912843,645.7391772791307,<GA.substring object at 0x7f8c46641cc0>,164,5
9,NH4+-N,continuous,0.015,0.02,0.095,0.03,1.26,8.8,,,,,0,164,5
8,NO3--N,continuous,0.23,0.23,0.29,0.23,0.95,2.0,,,,,0,164,5
0,Temperature,continuous,19.04,19.04,27.01,24.805,32.22,34.0,,,,,0,164,5
6,Turbidity,continuous,0.0,0.2,5.07,1.3725,85.43,355.63,,,,,0,164,5
2,pH,continuous,6.56,6.69,8.16,7.18,8.8,8.87,,,,,0,164,5
10,velocity,continuous,0.0,0.0,0.4,0.0,1.0,1.5,,,,,0,164,5
7,COD,continuous,5.0,5.0,22.5,8.73,60.0,117.6,,,,,0,164,6
3,Chlorophyll,continuous,0.73,0.73,5.6725,1.9225,25.43,66.84,,,,,0,164,6
4,Cl-,continuous,0.53,0.53,3.7725,1.86,55.84,181.74,,,,,0,164,6
1,Conductivity,continuous,36.5,36.5,208.0,80.65,749.25,1981.0,70.8717908887913,207.92172085070192,300.9797428794823,453.3991775638467,<GA.substring object at 0x7f8c50494128>,164,6
5,DO,continuous,1.97,1.97,8.2725,6.5875,10.65,13.63,,,,,0,164,6
11,Elevation,continuous,2.0,3.0,165.0,43.5,1075.0,1075.0,25.689865260006886,67.3032526392267,284.23508404912843,645.7391772791307,<GA.substring object at 0x7f8c46641cc0>,164,6
9,NH4+-N,continuous,0.015,0.02,0.095,0.03,1.26,8.8,,,,,0,164,6
8,NO3--N,continuous,0.23,0.23,0.29,0.23,0.95,2.0,,,,,0,164,6
0,Temperature,continuous,19.04,19.04,27.01,24.805,32.22,34.0,,,,,0,164,6
6,Turbidity,continuous,0.0,0.2,5.07,1.3725,85.43,355.63,,,,,0,164,6
2,pH,continuous,6.56,6.69,8.16,7.18,8.8,8.87,,,,,0,164,6
10,velocity,continuous,0.0,0.0,0.4,0.0,1.0,1.5,,,,,0,164,6
7,COD,continuous,5.0,5.0,22.5,8.73,60.0,117.6,,,,,0,164,7
3,Chlorophyll,continuous,0.73,0.73,5.6725,1.9225,25.43,66.84,,,,,0,164,7
4,Cl-,continuous,0.53,0.53,3.7725,1.86,55.84,181.74,,,,,0,164,7
1,Conductivity,continuous,36.5,36.5,208.0,80.65,749.25,1981.0,70.8717908887913,207.92172085070192,300.9797428794823,453.3991775638467,<GA.substring object at 0x7f8c50494128>,164,7
5,DO,continuous,1.97,1.97,8.2725,6.5875,10.65,13.63,,,,,0,164,7
11,Elevation,continuous,2.0,3.0,165.0,43.5,1075.0,1075.0,25.689865260006886,67.3032526392267,284.23508404912843,645.7391772791307,<GA.substring object at 0x7f8c46641cc0>,164,7
9,NH4+-N,continuous,0.015,0.02,0.095,0.03,1.26,8.8,,,,,0,164,7
8,NO3--N,continuous,0.23,0.23,0.29,0.23,0.95,2.0,,,,,0,164,7
0,Temperature,continuous,19.04,19.04,27.01,24.805,32.22,34.0,,,,,0,164,7
6,Turbidity,continuous,0.0,0.2,5.07,1.3725,85.43,355.63,,,,,0,164,7
2,pH,continuous,6.56,6.69,8.16,7.18,8.8,8.87,,,,,0,164,7
10,velocity,continuous,0.0,0.0,0.4,0.0,1.0,1.5,,,,,0,164,7
7,COD,continuous,5.0,5.0,22.5,8.73,60.0,117.6,,,,,0,390,8
3,Chlorophyll,continuous,0.73,0.73,5.6725,1.9225,25.43,66.84,,,,,0,390,8
4,Cl-,continuous,0.53,0.53,3.7725,1.86,55.84,181.74,,,,,0,390,8
1,Conductivity,continuous,36.5,36.5,208.0,80.65,749.25,1981.0,70.8717908887913,207.92172085070192,300.9797428794823,453.3991775638467,<GA.substring object at 0x7f8c50494128>,390,8
5,DO,continuous,1.97,1.97,8.2725,6.5875,10.65,13.63,,,,,0,390,8
11,Elevation,continuous,2.0,3.0,165.0,43.5,1075.0,1075.0,6.9126015451007845,38.609415344036606,245.1957718132524,897.428973980439,<GA.substring object at 0x7f8c5039cb70>,390,8
9,NH4+-N,continuous,0.015,0.02,0.095,0.03,1.26,8.8,,,,,0,390,8
8,NO3--N,continuous,0.23,0.23,0.29,0.23,0.95,2.0,,,,,0,390,8
0,Temperature,continuous,19.04,19.04,27.01,24.805,32.22,34.0,19.96383003174664,20.47739709630101,28.003258378676552,30.265955086000893,<GA.substring object at 0x7f8c5039c278>,390,8
6,Turbidity,continuous,0.0,0.2,5.07,1.3725,85.43,355.63,0.2694255516498719,0.6441836850523307,19.05028298192582,98.19991907011541,<GA.substring object at 0x7f8c5039c518>,390,8
2,pH,continuous,6.56,6.69,8.16,7.18,8.8,8.87,,,,,0,390,8
10,velocity,continuous,0.0,0.0,0.4,0.0,1.0,1.5,,,,,0,390,8
7,COD,continuous,5.0,5.0,22.5,8.73,60.0,117.6,,,,,0,390,9
3,Chlorophyll,continuous,0.73,0.73,5.6725,1.9225,25.43,66.84,,,,,0,390,9
4,Cl-,continuous,0.53,0.53,3.7725,1.86,55.84,181.74,,,,,0,390,9
1,Conductivity,continuous,36.5,36.5,208.0,80.65,749.25,1981.0,70.8717908887913,207.92172085070192,300.9797428794823,453.3991775638467,<GA.substring object at 0x7f8c50494128>,390,9
5,DO,continuous,1.97,1.97,8.2725,6.5875,10.65,13.63,,,,,0,390,9
11,Elevation,continuous,2.0,3.0,165.0,43.5,1075.0,1075.0,6.9126015451007845,38.609415344036606,245.1957718132524,897.428973980439,<GA.substring object at 0x7f8c5039cb70>,390,9
9,NH4+-N,continuous,0.015,0.02,0.095,0.03,1.26,8.8,,,,,0,390,9
8,NO3--N,continuous,0.23,0.23,0.29,0.23,0.95,2.0,,,,,0,390,9
0,Temperature,continuous,19.04,19.04,27.01,24.805,32.22,34.0,19.96383003174664,20.47739709630101,28.003258378676552,30.265955086000893,<GA.substring object at 0x7f8c5039c278>,390,9
6,Turbidity,continuous,0.0,0.2,5.07,1.3725,85.43,355.63,0.2694255516498719,0.6441836850523307,19.05028298192582,98.19991907011541,<GA.substring object at 0x7f8c5039c518>,390,9
2,pH,continuous,6.56,6.69,8.16,7.18,8.8,8.87,,,,,0,390,9
10,velocity,continuous,0.0,0.0,0.4,0.0,1.0,1.5,,,,,0,390,9
7,COD,continuous,5.0,5.0,22.5,8.73,60.0,117.6,,,,,0,390,10
3,Chlorophyll,continuous,0.73,0.73,5.6725,1.9225,25.43,66.84,,,,,0,390,10
4,Cl-,continuous,0.53,0.53,3.7725,1.86,55.84,181.74,,,,,0,390,10
1,Conductivity,continuous,36.5,36.5,208.0,80.65,749.25,1981.0,70.8717908887913,207.92172085070192,300.9797428794823,453.3991775638467,<GA.substring object at 0x7f8c50494128>,390,10
5,DO,continuous,1.97,1.97,8.2725,6.5875,10.65,13.63,,,,,0,390,10
11,Elevation,continuous,2.0,3.0,165.0,43.5,1075.0,1075.0,6.9126015451007845,38.609415344036606,245.1957718132524,897.428973980439,<GA.substring object at 0x7f8c5039cb70>,390,10
9,NH4+-N,continuous,0.015,0.02,0.095,0.03,1.26,8.8,,,,,0,390,10
8,NO3--N,continuous,0.23,0.23,0.29,0.23,0.95,2.0,,,,,0,390,10
0,Temperature,continuous,19.04,19.04,27.01,24.805,32.22,34.0,19.96383003174664,20.47739709630101,28.003258378676552,30.265955086000893,<GA.substring object at 0x7f8c5039c278>,390,10
6,Turbidity,continuous,0.0,0.2,5.07,1.3725,85.43,355.63,0.2694255516498719,0.6441836850523307,19.05028298192582,98.19991907011541,<GA.substring object at 0x7f8c5039c518>,390,10
2,pH,continuous,6.56,6.69,8.16,7.18,8.8,8.87,,,,,0,390,10
10,velocity,continuous,0.0,0.0,0.4,0.0,1.0,1.5,,,,,0,390,10
7,COD,continuous,5.0,5.0,22.5,8.73,60.0,117.6,,,,,0,554,11
3,Chlorophyll,continuous,0.73,0.73,5.6725,1.9225,25.43,66.84,,,,,0,554,11
4,Cl-,continuous,0.53,0.53,3.7725,1.86,55.84,181.74,,,,,0,554,11
1,Conductivity,continuous,36.5,36.5,208.0,80.65,749.25,1981.0,70.8717908887913,207.92172085070192,300.9797428794823,453.3991775638467,<GA.substring object at 0x7f8c50494128>,554,11
5,DO,continuous,1.97,1.97,8.2725,6.5875,10.65,13.63,,,,,0,554,11
11,Elevation,continuous,2.0,3.0,165.0,43.5,1075.0,1075.0,,,,,0,554,11
9,NH4+-N,continuous,0.015,0.02,0.095,0.03,1.26,8.8,0.027252429298426372,0.02734756733069181,0.9214966723646357,1.2237307903644747,<GA.substring object at 0x7f8c50494518>,554,11
8,NO3--N,continuous,0.23,0.23,0.29,0.23,0.95,2.0,,,,,0,554,11
0,Temperature,continuous,19.04,19.04,27.01,24.805,32.22,34.0,,,,,0,554,11
6,Turbidity,continuous,0.0,0.2,5.07,1.3725,85.43,355.63,,,,,0,554,11
2,pH,continuous,6.56,6.69,8.16,7.18,8.8,8.87,,,,,0,554,11
10,velocity,continuous,0.0,0.0,0.4,0.0,1.0,1.5,,,,,0,554,11
7,COD,continuous,5.0,5.0,22.5,8.73,60.0,117.6,,,,,0,554,12
3,Chlorophyll,continuous,0.73,0.73,5.6725,1.9225,25.43,66.84,,,,,0,554,12
4,Cl-,continuous,0.53,0.53,3.7725,1.86,55.84,181.74,,,,,0,554,12
1,Conductivity,continuous,36.5,36.5,208.0,80.65,749.25,1981.0,70.8717908887913,297.22395961629593,300.9797428794823,1061.9868885937844,<GA.substring object at 0x7f8c50494128>,554,12
5,DO,continuous,1.97,1.97,8.2725,6.5875,10.65,13.63,,,,,0,554,12
11,Elevation,continuous,2.0,3.0,165.0,43.5,1075.0,1075.0,,,,,0,554,12
9,NH4+-N,continuous,0.015,0.02,0.095,0.03,1.26,8.8,0.027252429298426372,0.02734756733069181,0.9214966723646357,1.2237307903644747,<GA.substring object at 0x7f8c50494518>,554,12
8,NO3--N,continuous,0.23,0.23,0.29,0.23,0.95,2.0,,,,,0,554,12
0,Temperature,continuous,19.04,19.04,27.01,24.805,32.22,34.0,,,,,0,554,12
6,Turbidity,continuous,0.0,0.2,5.07,1.3725,85.43,355.63,,,,,0,554,12
2,pH,continuous,6.56,6.69,8.16,7.18,8.8,8.87,,,,,0,554,12
10,velocity,continuous,0.0,0.0,0.4,0.0,1.0,1.5,,,,,0,554,12
7,COD,continuous,5.0,5.0,22.5,8.73,60.0,117.6,,,,,0,554,13
3,Chlorophyll,continuous,0.73,0.73,5.6725,1.9225,25.43,66.84,,,,,0,554,13
4,Cl-,continuous,0.53,0.53,3.7725,1.86,55.84,181.74,,,,,0,554,13
1,Conductivity,continuous,36.5,36.5,208.0,80.65,749.25,1981.0,70.8717908887913,297.22395961629593,300.9797428794823,1061.9868885937844,<GA.substring object at 0x7f8c50494128>,554,13
5,DO,continuous,1.97,1.97,8.2725,6.5875,10.65,13.63,,,,,0,554,13
11,Elevation,continuous,2.0,3.0,165.0,43.5,1075.0,1075.0,,,,,0,554,13
9,NH4+-N,continuous,0.015,0.02,0.095,0.03,1.26,8.8,0.027252429298426372,0.02734756733069181,0.9214966723646357,1.2237307903644747,<GA.substring object at 0x7f8c50494518>,554,13
8,NO3--N,continuous,0.23,0.23,0.29,0.23,0.95,2.0,,,,,0,554,13
0,Temperature,continuous,19.04,19.04,27.01,24.805,32.22,34.0,,,,,0,554,13
6,Turbidity,continuous,0.0,0.2,5.07,1.3725,85.43,355.63,,,,,0,554,13
2,pH,continuous,6.56,6.69,8.16,7.18,8.8,8.87,,,,,0,554,13
10,velocity,continuous,0.0,0.0,0.4,0.0,1.0,1.5,,,,,0,554,13
7,COD,continuous,5.0,5.0,22.5,8.73,60.0,117.6,,,,,0,717,14
3,Chlorophyll,continuous,0.73,0.73,5.6725,1.9225,25.43,66.84,,,,,0,717,14
4,Cl-,continuous,0.53,0.53,3.7725,1.86,55.84,181.74,,,,,0,717,14
1,Conductivity,continuous,36.5,36.5,208.0,80.65,749.25,1981.0,70.8717908887913,88.11373195421714,300.9797428794823,749.25,<GA.substring object at 0x7f8c504940f0>,717,14
5,DO,continuous,1.97,1.97,8.2725,6.5875,10.65,13.63,,,,,0,717,14
11,Elevation,continuous,2.0,3.0,165.0,43.5,1075.0,1075.0,,,,,0,717,14
9,NH4+-N,continuous,0.015,0.02,0.095,0.03,1.26,8.8,,,,,0,717,14
8,NO3--N,continuous,0.23,0.23,0.29,0.23,0.95,2.0,,,,,0,717,14
0,Temperature,continuous,19.04,19.04,27.01,24.805,32.22,34.0,19.96383003174664,20.47739709630101,28.003258378676552,30.265955086000893,<GA.substring object at 0x7f8c50494748>,717,14
6,Turbidity,continuous,0.0,0.2,5.07,1.3725,85.43,355.63,,,,,0,717,14
2,pH,continuous,6.56,6.69,8.16,7.18,8.8,8.87,,,,,0,717,14
10,velocity,continuous,0.0,0.0,0.4,0.0,1.0,1.5,,,,,0,717,14
7,COD,continuous,5.0,5.0,22.5,8.73,60.0,117.6,14.23647965398574,14.805802347356744,28.594734831233822,39.54732087144891,<GA.substring object at 0x7f8c50494710>,749,15
3,Chlorophyll,continuous,0.73,0.73,5.6725,1.9225,25.43,66.84,,,,,0,749,15
4,Cl-,continuous,0.53,0.53,3.7725,1.86,55.84,181.74,,,,,0,749,15
1,Conductivity,continuous,36.5,36.5,208.0,80.65,749.25,1981.0,,,,,0,749,15
5,DO,continuous,1.97,1.97,8.2725,6.5875,10.65,13.63,,,,,0,749,15
11,Elevation,continuous,2.0,3.0,165.0,43.5,1075.0,1075.0,3.0,7.890097594240363,693.9035139038137,773.0045671025932,<GA.substring object at 0x7f8c503cb550>,749,15
9,NH4+-N,continuous,0.015,0.02,0.095,0.03,1.26,8.8,,,,,0,749,15
8,NO3--N,continuous,0.23,0.23,0.29,0.23,0.95,2.0,,,,,0,749,15
0,Temperature,continuous,19.04,19.04,27.01,24.805,32.22,34.0,21.247508522077602,22.351485064012472,27.16847571614296,32.22,<GA.substring object at 0x7f8c503cbe80>,749,15
6,Turbidity,continuous,0.0,0.2,5.07,1.3725,85.43,355.63,0.25379433631533094,0.9106243683066579,22.440988577977482,97.92147854967102,<GA.substring object at 0x7f8c503cbda0>,749,15
2,pH,continuous,6.56,6.69,8.16,7.18,8.8,8.87,,,,,0,749,15
10,velocity,continuous,0.0,0.0,0.4,0.0,1.0,1.5,,,,,0,749,15
7,COD,continuous,5.0,5.0,22.5,8.73,60.0,117.6,14.23647965398574,14.805802347356744,28.594734831233822,39.54732087144891,<GA.substring object at 0x7f8c50494710>,749,16
3,Chlorophyll,continuous,0.73,0.73,5.6725,1.9225,25.43,66.84,,,,,0,749,16
4,Cl-,continuous,0.53,0.53,3.7725,1.86,55.84,181.74,,,,,0,749,16
1,Conductivity,continuous,36.5,36.5,208.0,80.65,749.25,1981.0,,,,,0,749,16
5,DO,continuous,1.97,1.97,8.2725,6.5875,10.65,13.63,,,,,0,749,16
11,Elevation,continuous,2.0,3.0,165.0,43.5,1075.0,1075.0,3.0,7.890097594240363,693.9035139038137,773.0045671025932,<GA.substring object at 0x7f8c503cb550>,749,16
9,NH4+-N,continuous,0.015,0.02,0.095,0.03,1.26,8.8,,,,,0,749,16
8,NO3--N,continuous,0.23,0.23,0.29,0.23,0.95,2.0,,,,,0,749,16
0,Temperature,continuous,19.04,19.04,27.01,24.805,32.22,34.0,21.247508522077602,22.351485064012472,27.16847571614296,32.22,<GA.substring object at 0x7f8c503cbe80>,749,16
6,Turbidity,continuous,0.0,0.2,5.07,1.3725,85.43,355.63,0.25379433631533094,0.9106243683066579,22.440988577977482,97.92147854967102,<GA.substring object at 0x7f8c503cbda0>,749,16
2,pH,continuous,6.56,6.69,8.16,7.18,8.8,8.87,,,,,0,749,16
10,velocity,continuous,0.0,0.0,0.4,0.0,1.0,1.5,,,,,0,749,16
7,COD,continuous,5.0,5.0,22.5,8.73,60.0,117.6,14.23647965398574,14.805802347356744,28.594734831233822,39.54732087144891,<GA.substring object at 0x7f8c50494710>,749,17
3,Chlorophyll,continuous,0.73,0.73,5.6725,1.9225,25.43,66.84,,,,,0,749,17
4,Cl-,continuous,0.53,0.53,3.7725,1.86,55.84,181.74,,,,,0,749,17
1,Conductivity,continuous,36.5,36.5,208.0,80.65,749.25,1981.0,,,,,0,749,17
5,DO,continuous,1.97,1.97,8.2725,6.5875,10.65,13.63,,,,,0,749,17
11,Elevation,continuous,2.0,3.0,165.0,43.5,1075.0,1075.0,3.0,7.890097594240363,693.9035139038137,773.0045671025932,<GA.substring object at 0x7f8c503cb550>,749,17
9,NH4+-N,continuous,0.015,0.02,0.095,0.03,1.26,8.8,,,,,0,749,17
8,NO3--N,continuous,0.23,0.23,0.29,0.23,0.95,2.0,,,,,0,749,17
0,Temperature,continuous,19.04,19.04,27.01,24.805,32.22,34.0,21.247508522077602,22.351485064012472,27.16847571614296,32.22,<GA.substring object at 0x7f8c503cbe80>,749,17
6,Turbidity,continuous,0.0,0.2,5.07,1.3725,85.43,355.63,0.25379433631533094,0.9106243683066579,22.440988577977482,97.92147854967102,<GA.substring object at 0x7f8c503cbda0>,749,17
2,pH,continuous,6.56,6.69,8.16,7.18,8.8,8.87,,,,,0,749,17
10,velocity,continuous,0.0,0.0,0.4,0.0,1.0,1.5,,,,,0,749,17
7,COD,continuous,5.0,5.0,22.5,8.73,60.0,117.6,14.23647965398574,14.805802347356744,28.594734831233822,39.54732087144891,<GA.substring object at 0x7f8c50494710>,749,18
3,Chlorophyll,continuous,0.73,0.73,5.6725,1.9225,25.43,66.84,,,,,0,749,18
4,Cl-,continuous,0.53,0.53,3.7725,1.86,55.84,181.74,,,,,0,749,18
1,Conductivity,continuous,36.5,36.5,208.0,80.65,749.25,1981.0,,,,,0,749,18
5,DO,continuous,1.97,1.97,8.2725,6.5875,10.65,13.63,,,,,0,749,18
11,Elevation,continuous,2.0,3.0,165.0,43.5,1075.0,1075.0,3.0,7.890097594240363,693.9035139038137,773.0045671025932,<GA.substring object at 0x7f8c503cb550>,749,18
9,NH4+-N,continuous,0.015,0.02,0.095,0.03,1.26,8.8,,,,,0,749,18
8,NO3--N,continuous,0.23,0.23,0.29,0.23,0.95,2.0,,,,,0,749,18
0,Temperature,continuous,19.04,19.04,27.01,24.805,32.22,34.0,21.247508522077602,22.351485064012472,27.16847571614296,32.22,<GA.substring object at 0x7f8c503cbe80>,749,18
6,Turbidity,continuous,0.0,0.2,5.07,1.3725,85.43,355.63,0.25379433631533094,0.9106243683066579,22.440988577977482,97.92147854967102,<GA.substring object at 0x7f8c503cbda0>,749,18
2,pH,continuous,6.56,6.69,8.16,7.18,8.8,8.87,,,,,0,749,18
10,velocity,continuous,0.0,0.0,0.4,0.0,1.0,1.5,,,,,0,749,18
7,COD,continuous,5.0,5.0,22.5,8.73,60.0,117.6,14.23647965398574,14.805802347356744,28.594734831233822,39.54732087144891,<GA.substring object at 0x7f8c50494710>,919,19
3,Chlorophyll,continuous,0.73,0.73,5.6725,1.9225,25.43,66.84,,,,,0,919,19
4,Cl-,continuous,0.53,0.53,3.7725,1.86,55.84,181.74,,,,,0,919,19
1,Conductivity,continuous,36.5,36.5,208.0,80.65,749.25,1981.0,,,,,0,919,19
5,DO,continuous,1.97,1.97,8.2725,6.5875,10.65,13.63,,,,,0,919,19
11,Elevation,continuous,2.0,3.0,165.0,43.5,1075.0,1075.0,3.0,7.890097594240363,693.9035139038137,773.0045671025932,<GA.substring object at 0x7f8c503cb550>,919,19
9,NH4+-N,continuous,0.015,0.02,0.095,0.03,1.26,8.8,,,,,0,919,19
8,NO3--N,continuous,0.23,0.23,0.29,0.23,0.95,2.0,,,,,0,919,19
0,Temperature,continuous,19.04,19.04,27.01,24.805,32.22,34.0,19.04,23.035121352608442,28.174825641168223,29.764364087607834,<GA.substring object at 0x7f8c503bc5f8>,919,19
6,Turbidity,continuous,0.0,0.2,5.07,1.3725,85.43,355.63,,,,,0,919,19
2,pH,continuous,6.56,6.69,8.16,7.18,8.8,8.87,,,,,0,919,19
10,velocity,continuous,0.0,0.0,0.4,0.0,1.0,1.5,,,,,0,919,19
7,COD,continuous,5.0,5.0,22.5,8.73,60.0,117.6,14.23647965398574,14.805802347356744,28.594734831233822,39.54732087144891,<GA.substring object at 0x7f8c50494710>,970,20
3,Chlorophyll,continuous,0.73,0.73,5.6725,1.9225,25.43,66.84,,,,,0,970,20
4,Cl-,continuous,0.53,0.53,3.7725,1.86,55.84,181.74,,,,,0,970,20
1,Conductivity,continuous,36.5,36.5,208.0,80.65,749.25,1981.0,,,,,0,970,20
5,DO,continuous,1.97,1.97,8.2725,6.5875,10.65,13.63,,,,,0,970,20
11,Elevation,continuous,2.0,3.0,165.0,43.5,1075.0,1075.0,3.0,7.890097594240363,944.6437652418775,1075.0,<GA.substring object at 0x7f8c503bcd30>,970,20
9,NH4+-N,continuous,0.015,0.02,0.095,0.03,1.26,8.8,,,,,0,970,20
8,NO3--N,continuous,0.23,0.23,0.29,0.23,0.95,2.0,,,,,0,970,20
0,Temperature,continuous,19.04,19.04,27.01,24.805,32.22,34.0,19.04,22.99990804591495,27.672847101451477,30.854230123604967,<GA.substring object at 0x7f8c503bcf60>,970,20
6,Turbidity,continuous,0.0,0.2,5.07,1.3725,85.43,355.63,,,,,0,970,20
2,pH,continuous,6.56,6.69,8.16,7.18,8.8,8.87,,,,,0,970,20
10,velocity,continuous,0.0,0.0,0.4,0.0,1.0,1.5,,,,,0,970,20
7,COD,continuous,5.0,5.0,22.5,8.73,60.0,117.6,14.210396532114574,18.463492703406978,28.594734831233822,39.54732087144891,<GA.substring object at 0x7f8c50494710>,970,21
3,Chlorophyll,continuous,0.73,0.73,5.6725,1.9225,25.43,66.84,,,,,0,970,21
4,Cl-,continuous,0.53,0.53,3.7725,1.86,55.84,181.74,,,,,0,970,21
1,Conductivity,continuous,36.5,36.5,208.0,80.65,749.25,1981.0,,,,,0,970,21
5,DO,continuous,1.97,1.97,8.2725,6.5875,10.65,13.63,,,,,0,970,21
11,Elevation,continuous,2.0,3.0,165.0,43.5,1075.0,1075.0,3.0,7.890097594240363,944.6437652418775,1075.0,<GA.substring object at 0x7f8c503bcd30>,970,21
9,NH4+-N,continuous,0.015,0.02,0.095,0.03,1.26,8.8,,,,,0,970,21
8,NO3--N,continuous,0.23,0.23,0.29,0.23,0.95,2.0,,,,,0,970,21
0,Temperature,continuous,19.04,19.04,27.01,24.805,32.22,34.0,19.04,22.99990804591495,27.672847101451477,30.854230123604967,<GA.substring object at 0x7f8c503bcf60>,970,21
6,Turbidity,continuous,0.0,0.2,5.07,1.3725,85.43,355.63,,,,,0,970,21
2,pH,continuous,6.56,6.69,8.16,7.18,8.8,8.87,,,,,0,970,21
10,velocity,continuous,0.0,0.0,0.4,0.0,1.0,1.5,,,,,0,970,21
7,COD,continuous,5.0,5.0,22.5,8.73,60.0,117.6,12.241073545305458,13.193559577169845,28.594734831233822,39.54732087144891,<GA.substring object at 0x7f8c50494710>,970,22
3,Chlorophyll,continuous,0.73,0.73,5.6725,1.9225,25.43,66.84,,,,,0,970,22
4,Cl-,continuous,0.53,0.53,3.7725,1.86,55.84,181.74,,,,,0,970,22
1,Conductivity,continuous,36.5,36.5,208.0,80.65,749.25,1981.0,,,,,0,970,22
5,DO,continuous,1.97,1.97,8.2725,6.5875,10.65,13.63,,,,,0,970,22
11,Elevation,continuous,2.0,3.0,165.0,43.5,1075.0,1075.0,3.0,7.890097594240363,944.6437652418775,1075.0,<GA.substring object at 0x7f8c503bcd30>,970,22
9,NH4+-N,continuous,0.015,0.02,0.095,0.03,1.26,8.8,,,,,0,970,22
8,NO3--N,continuous,0.23,0.23,0.29,0.23,0.95,2.0,,,,,0,970,22
0,Temperature,continuous,19.04,19.04,27.01,24.805,32.22,34.0,19.04,22.99990804591495,27.672847101451477,30.854230123604967,<GA.substring object at 0x7f8c503bcf60>,970,22
6,Turbidity,continuous,0.0,0.2,5.07,1.3725,85.43,355.63,,,,,0,970,22
2,pH,continuous,6.56,6.69,8.16,7.18,8.8,8.87,,,,,0,970,22
10,velocity,continuous,0.0,0.0,0.4,0.0,1.0,1.5,,,,,0,970,22
7,COD,continuous,5.0,5.0,22.5,8.73,60.0,117.6,8.262014304511878,13.193559577169845,17.522508351732377,39.54732087144891,<GA.substring object at 0x7f8c50494710>,970,23
3,Chlorophyll,continuous,0.73,0.73,5.6725,1.9225,25.43,66.84,,,,,0,970,23
4,Cl-,continuous,0.53,0.53,3.7725,1.86,55.84,181.74,,,,,0,970,23
1,Conductivity,continuous,36.5,36.5,208.0,80.65,749.25,1981.0,,,,,0,970,23
5,DO,continuous,1.97,1.97,8.2725,6.5875,10.65,13.63,,,,,0,970,23
11,Elevation,continuous,2.0,3.0,165.0,43.5,1075.0,1075.0,3.0,7.890097594240363,944.6437652418775,1075.0,<GA.substring object at 0x7f8c503bcd30>,970,23
9,NH4+-N,continuous,0.015,0.02,0.095,0.03,1.26,8.8,,,,,0,970,23
8,NO3--N,continuous,0.23,0.23,0.29,0.23,0.95,2.0,,,,,0,970,23
0,Temperature,continuous,19.04,19.04,27.01,24.805,32.22,34.0,19.04,22.99990804591495,27.672847101451477,30.854230123604967,<GA.substring object at 0x7f8c503bcf60>,970,23
6,Turbidity,continuous,0.0,0.2,5.07,1.3725,85.43,355.63,,,,,0,970,23
2,pH,continuous,6.56,6.69,8.16,7.18,8.8,8.87,,,,,0,970,23
10,velocity,continuous,0.0,0.0,0.4,0.0,1.0,1.5,,,,,0,970,23
7,COD,continuous,5.0,5.0,22.5,8.73,60.0,117.6,8.262014304511878,17.052450074877356,19.987192197218178,43.71598083943465,<GA.substring object at 0x7f8c50494710>,1173,24
3,Chlorophyll,continuous,0.73,0.73,5.6725,1.9225,25.43,66.84,,,,,0,1173,24
4,Cl-,continuous,0.53,0.53,3.7725,1.86,55.84,181.74,,,,,0,1173,24
1,Conductivity,continuous,36.5,36.5,208.0,80.65,749.25,1981.0,,,,,0,1173,24
5,DO,continuous,1.97,1.97,8.2725,6.5875,10.65,13.63,,,,,0,1173,24
11,Elevation,continuous,2.0,3.0,165.0,43.5,1075.0,1075.0,7.770150586707142,7.890097594240363,693.9035139038137,982.0276851432268,<GA.substring object at 0x7f8c503cb550>,1173,24
9,NH4+-N,continuous,0.015,0.02,0.095,0.03,1.26,8.8,,,,,0,1173,24
8,NO3--N,continuous,0.23,0.23,0.29,0.23,0.95,2.0,,,,,0,1173,24
0,Temperature,continuous,19.04,19.04,27.01,24.805,32.22,34.0,9.96841099998818,13.657060789420882,24.306607873795333,32.22,<GA.substring object at 0x7f8c46663438>,1173,24
6,Turbidity,continuous,0.0,0.2,5.07,1.3725,85.43,355.63,,,,,0,1173,24
2,pH,continuous,6.56,6.69,8.16,7.18,8.8,8.87,,,,,0,1173,24
10,velocity,continuous,0.0,0.0,0.4,0.0,1.0,1.5,,,,,0,1173,24
7,COD,continuous,5.0,5.0,22.5,8.73,60.0,117.6,12.285260146202306,15.024900243881872,19.987192197218178,43.71598083943465,<GA.substring object at 0x7f8c50494710>,1173,25
3,Chlorophyll,continuous,0.73,0.73,5.6725,1.9225,25.43,66.84,,,,,0,1173,25
4,Cl-,continuous,0.53,0.53,3.7725,1.86,55.84,181.74,,,,,0,1173,25
1,Conductivity,continuous,36.5,36.5,208.0,80.65,749.25,1981.0,,,,,0,1173,25
5,DO,continuous,1.97,1.97,8.2725,6.5875,10.65,13.63,,,,,0,1173,25
11,Elevation,continuous,2.0,3.0,165.0,43.5,1075.0,1075.0,7.770150586707142,7.890097594240363,693.9035139038137,982.0276851432268,<GA.substring object at 0x7f8c503cb550>,1173,25
9,NH4+-N,continuous,0.015,0.02,0.095,0.03,1.26,8.8,,,,,0,1173,25
8,NO3--N,continuous,0.23,0.23,0.29,0.23,0.95,2.0,,,,,0,1173,25
0,Temperature,continuous,19.04,19.04,27.01,24.805,32.22,34.0,9.96841099998818,13.657060789420882,24.306607873795333,32.22,<GA.substring object at 0x7f8c46663438>,1173,25
6,Turbidity,continuous,0.0,0.2,5.07,1.3725,85.43,355.63,,,,,0,1173,25
2,pH,continuous,6.56,6.69,8.16,7.18,8.8,8.87,,,,,0,1173,25
10,velocity,continuous,0.0,0.0,0.4,0.0,1.0,1.5,,,,,0,1173,25
7,COD,continuous,5.0,5.0,22.5,8.73,60.0,117.6,8.943114262296744,12.073143229834404,30.60556345497951,60.14489749004348,<GA.substring object at 0x7f8c50494710>,1173,26
3,Chlorophyll,continuous,0.73,0.73,5.6725,1.9225,25.43,66.84,,,,,0,1173,26
4,Cl-,continuous,0.53,0.53,3.7725,1.86,55.84,181.74,,,,,0,1173,26
1,Conductivity,continuous,36.5,36.5,208.0,80.65,749.25,1981.0,,,,,0,1173,26
5,DO,continuous,1.97,1.97,8.2725,6.5875,10.65,13.63,,,,,0,1173,26
11,Elevation,continuous,2.0,3.0,165.0,43.5,1075.0,1075.0,7.770150586707142,7.890097594240363,693.9035139038137,982.0276851432268,<GA.substring object at 0x7f8c503cb550>,1173,26
9,NH4+-N,continuous,0.015,0.02,0.095,0.03,1.26,8.8,,,,,0,1173,26
8,NO3--N,continuous,0.23,0.23,0.29,0.23,0.95,2.0,,,,,0,1173,26
0,Temperature,continuous,19.04,19.04,27.01,24.805,32.22,34.0,9.96841099998818,13.657060789420882,24.306607873795333,32.22,<GA.substring object at 0x7f8c46663438>,1173,26
6,Turbidity,continuous,0.0,0.2,5.07,1.3725,85.43,355.63,,,,,0,1173,26
2,pH,continuous,6.56,6.69,8.16,7.18,8.8,8.87,,,,,0,1173,26
10,velocity,continuous,0.0,0.0,0.4,0.0,1.0,1.5,,,,,0,1173,26
7,COD,continuous,5.0,5.0,22.5,8.73,60.0,117.6,11.45493408523292,14.56281464936959,30.60556345497951,60.2671292049134,<GA.substring object at 0x7f8c50494710>,1173,27
3,Chlorophyll,continuous,0.73,0.73,5.6725,1.9225,25.43,66.84,,,,,0,1173,27
4,Cl-,continuous,0.53,0.53,3.7725,1.86,55.84,181.74,,,,,0,1173,27
1,Conductivity,continuous,36.5,36.5,208.0,80.65,749.25,1981.0,,,,,0,1173,27
5,DO,continuous,1.97,1.97,8.2725,6.5875,10.65,13.63,,,,,0,1173,27
11,Elevation,continuous,2.0,3.0,165.0,43.5,1075.0,1075.0,7.770150586707142,7.890097594240363,693.9035139038137,982.0276851432268,<GA.substring object at 0x7f8c503cb550>,1173,27
9,NH4+-N,continuous,0.015,0.02,0.095,0.03,1.26,8.8,,,,,0,1173,27
8,NO3--N,continuous,0.23,0.23,0.29,0.23,0.95,2.0,,,,,0,1173,27
0,Temperature,continuous,19.04,19.04,27.01,24.805,32.22,34.0,9.96841099998818,13.657060789420882,24.306607873795333,32.22,<GA.substring object at 0x7f8c46663438>,1173,27
6,Turbidity,continuous,0.0,0.2,5.07,1.3725,85.43,355.63,,,,,0,1173,27
2,pH,continuous,6.56,6.69,8.16,7.18,8.8,8.87,,,,,0,1173,27
10,velocity,continuous,0.0,0.0,0.4,0.0,1.0,1.5,,,,,0,1173,27
7,COD,continuous,5.0,5.0,22.5,8.73,60.0,117.6,6.750613376621846,14.56281464936959,30.60556345497951,60.2671292049134,<GA.substring object at 0x7f8c50494710>,1173,28
3,Chlorophyll,continuous,0.73,0.73,5.6725,1.9225,25.43,66.84,,,,,0,1173,28
4,Cl-,continuous,0.53,0.53,3.7725,1.86,55.84,181.74,,,,,0,1173,28
1,Conductivity,continuous,36.5,36.5,208.0,80.65,749.25,1981.0,,,,,0,1173,28
5,DO,continuous,1.97,1.97,8.2725,6.5875,10.65,13.63,,,,,0,1173,28
11,Elevation,continuous,2.0,3.0,165.0,43.5,1075.0,1075.0,7.770150586707142,7.890097594240363,693.9035139038137,982.0276851432268,<GA.substring object at 0x7f8c503cb550>,1173,28
9,NH4+-N,continuous,0.015,0.02,0.095,0.03,1.26,8.8,,,,,0,1173,28
8,NO3--N,continuous,0.23,0.23,0.29,0.23,0.95,2.0,,,,,0,1173,28
0,Temperature,continuous,19.04,19.04,27.01,24.805,32.22,34.0,9.96841099998818,13.657060789420882,24.306607873795333,32.22,<GA.substring object at 0x7f8c46663438>,1173,28
6,Turbidity,continuous,0.0,0.2,5.07,1.3725,85.43,355.63,,,,,0,1173,28
2,pH,continuous,6.56,6.69,8.16,7.18,8.8,8.87,,,,,0,1173,28
10,velocity,continuous,0.0,0.0,0.4,0.0,1.0,1.5,,,,,0,1173,28
7,COD,continuous,5.0,5.0,22.5,8.73,60.0,117.6,2.7180675905004157,6.331208975372254,30.60556345497951,77.85021489105043,<GA.substring object at 0x7f8c50494710>,1173,29
3,Chlorophyll,continuous,0.73,0.73,5.6725,1.9225,25.43,66.84,,,,,0,1173,29
4,Cl-,continuous,0.53,0.53,3.7725,1.86,55.84,181.74,,,,,0,1173,29
1,Conductivity,continuous,36.5,36.5,208.0,80.65,749.25,1981.0,,,,,0,1173,29
5,DO,continuous,1.97,1.97,8.2725,6.5875,10.65,13.63,,,,,0,1173,29
11,Elevation,continuous,2.0,3.0,165.0,43.5,1075.0,1075.0,7.770150586707142,7.890097594240363,693.9035139038137,982.0276851432268,<GA.substring object at 0x7f8c503cb550>,1173,29
9,NH4+-N,continuous,0.015,0.02,0.095,0.03,1.26,8.8,,,,,0,1173,29
8,NO3--N,continuous,0.23,0.23,0.29,0.23,0.95,2.0,,,,,0,1173,29
0,Temperature,continuous,19.04,19.04,27.01,24.805,32.22,34.0,9.96841099998818,13.657060789420882,24.306607873795333,32.22,<GA.substring object at 0x7f8c46663438>,1173,29
6,Turbidity,continuous,0.0,0.2,5.07,1.3725,85.43,355.63,,,,,0,1173,29
2,pH,continuous,6.56,6.69,8.16,7.18,8.8,8.87,,,,,0,1173,29
10,velocity,continuous,0.0,0.0,0.4,0.0,1.0,1.5,,,,,0,1173,29
7,COD,continuous,5.0,5.0,22.5,8.73,60.0,117.6,5.771405622627324,6.331208975372254,30.60556345497951,77.85021489105043,<GA.substring object at 0x7f8c50494710>,1173,30
3,Chlorophyll,continuous,0.73,0.73,5.6725,1.9225,25.43,66.84,,,,,0,1173,30
4,Cl-,continuous,0.53,0.53,3.7725,1.86,55.84,181.74,,,,,0,1173,30
1,Conductivity,continuous,36.5,36.5,208.0,80.65,749.25,1981.0,,,,,0,1173,30
5,DO,continuous,1.97,1.97,8.2725,6.5875,10.65,13.63,,,,,0,1173,30
11,Elevation,continuous,2.0,3.0,165.0,43.5,1075.0,1075.0,7.770150586707142,7.890097594240363,693.9035139038137,982.0276851432268,<GA.substring object at 0x7f8c503cb550>,1173,30
9,NH4+-N,continuous,0.015,0.02,0.095,0.03,1.26,8.8,,,,,0,1173,30
8,NO3--N,continuous,0.23,0.23,0.29,0.23,0.95,2.0,,,,,0,1173,30
0,Temperature,continuous,19.04,19.04,27.01,24.805,32.22,34.0,9.96841099998818,13.657060789420882,24.306607873795333,32.22,<GA.substring object at 0x7f8c46663438>,1173,30
6,Turbidity,continuous,0.0,0.2,5.07,1.3725,85.43,355.63,,,,,0,1173,30
2,pH,continuous,6.56,6.69,8.16,7.18,8.8,8.87,,,,,0,1173,30
10,velocity,continuous,0.0,0.0,0.4,0.0,1.0,1.5,,,,,0,1173,30
7,COD,continuous,5.0,5.0,22.5,8.73,60.0,117.6,6.953010122344103,15.88751429183825,26.405598961149526,79.87603521062448,<GA.substring object at 0x7f8c50494710>,1537,31
3,Chlorophyll,continuous,0.73,0.73,5.6725,1.9225,25.43,66.84,,,,,0,1537,31
4,Cl-,continuous,0.53,0.53,3.7725,1.86,55.84,181.74,,,,,0,1537,31
1,Conductivity,continuous,36.5,36.5,208.0,80.65,749.25,1981.0,,,,,0,1537,31
5,DO,continuous,1.97,1.97,8.2725,6.5875,10.65,13.63,,,,,0,1537,31
11,Elevation,continuous,2.0,3.0,165.0,43.5,1075.0,1075.0,3.0,5.624716383235209,377.21892664618804,1075.0,<GA.substring object at 0x7f8c5041c390>,1537,31
9,NH4+-N,continuous,0.015,0.02,0.095,0.03,1.26,8.8,,,,,0,1537,31
8,NO3--N,continuous,0.23,0.23,0.29,0.23,0.95,2.0,,,,,0,1537,31
0,Temperature,continuous,19.04,19.04,27.01,24.805,32.22,34.0,19.04,19.04,23.980374816430423,38.352029317121236,<GA.substring object at 0x7f8c5041c1d0>,1537,31
6,Turbidity,continuous,0.0,0.2,5.07,1.3725,85.43,355.63,,,,,0,1537,31
2,pH,continuous,6.56,6.69,8.16,7.18,8.8,8.87,,,,,0,1537,31
10,velocity,continuous,0.0,0.0,0.4,0.0,1.0,1.5,,,,,0,1537,31
7,COD,continuous,5.0,5.0,22.5,8.73,60.0,117.6,6.953010122344103,15.88751429183825,26.405598961149526,79.87603521062448,<GA.substring object at 0x7f8c50494710>,1537,32
3,Chlorophyll,continuous,0.73,0.73,5.6725,1.9225,25.43,66.84,,,,,0,1537,32
4,Cl-,continuous,0.53,0.53,3.7725,1.86,55.84,181.74,,,,,0,1537,32
1,Conductivity,continuous,36.5,36.5,208.0,80.65,749.25,1981.0,,,,,0,1537,32
5,DO,continuous,1.97,1.97,8.2725,6.5875,10.65,13.63,,,,,0,1537,32
11,Elevation,continuous,2.0,3.0,165.0,43.5,1075.0,1075.0,3.0,5.624716383235209,377.21892664618804,1075.0,<GA.substring object at 0x7f8c5041c390>,1537,32
9,NH4+-N,continuous,0.015,0.02,0.095,0.03,1.26,8.8,,,,,0,1537,32
8,NO3--N,continuous,0.23,0.23,0.29,0.23,0.95,2.0,,,,,0,1537,32
0,Temperature,continuous,19.04,19.04,27.01,24.805,32.22,34.0,19.04,19.04,23.980374816430423,38.352029317121236,<GA.substring object at 0x7f8c5041c1d0>,1537,32
6,Turbidity,continuous,0.0,0.2,5.07,1.3725,85.43,355.63,,,,,0,1537,32
2,pH,continuous,6.56,6.69,8.16,7.18,8.8,8.87,,,,,0,1537,32
10,velocity,continuous,0.0,0.0,0.4,0.0,1.0,1.5,,,,,0,1537,32
7,COD,continuous,5.0,5.0,22.5,8.73,60.0,117.6,8.792219477647127,15.88751429183825,26.405598961149526,52.16238776794007,<GA.substring object at 0x7f8c50494710>,1537,33
3,Chlorophyll,continuous,0.73,0.73,5.6725,1.9225,25.43,66.84,,,,,0,1537,33
4,Cl-,continuous,0.53,0.53,3.7725,1.86,55.84,181.74,,,,,0,1537,33
1,Conductivity,continuous,36.5,36.5,208.0,80.65,749.25,1981.0,,,,,0,1537,33
5,DO,continuous,1.97,1.97,8.2725,6.5875,10.65,13.63,,,,,0,1537,33
11,Elevation,continuous,2.0,3.0,165.0,43.5,1075.0,1075.0,3.0,5.624716383235209,377.21892664618804,1075.0,<GA.substring object at 0x7f8c5041c390>,1537,33
9,NH4+-N,continuous,0.015,0.02,0.095,0.03,1.26,8.8,,,,,0,1537,33
8,NO3--N,continuous,0.23,0.23,0.29,0.23,0.95,2.0,,,,,0,1537,33
0,Temperature,continuous,19.04,19.04,27.01,24.805,32.22,34.0,19.04,19.04,23.980374816430423,38.352029317121236,<GA.substring object at 0x7f8c5041c1d0>,1537,33
6,Turbidity,continuous,0.0,0.2,5.07,1.3725,85.43,355.63,,,,,0,1537,33
2,pH,continuous,6.56,6.69,8.16,7.18,8.8,8.87,,,,,0,1537,33
10,velocity,continuous,0.0,0.0,0.4,0.0,1.0,1.5,,,,,0,1537,33
7,COD,continuous,5.0,5.0,22.5,8.73,60.0,117.6,14.1622519273931,15.88751429183825,26.405598961149526,52.16238776794007,<GA.substring object at 0x7f8c50494710>,1537,34
3,Chlorophyll,continuous,0.73,0.73,5.6725,1.9225,25.43,66.84,,,,,0,1537,34
4,Cl-,continuous,0.53,0.53,3.7725,1.86,55.84,181.74,,,,,0,1537,34
1,Conductivity,continuous,36.5,36.5,208.0,80.65,749.25,1981.0,,,,,0,1537,34
5,DO,continuous,1.97,1.97,8.2725,6.5875,10.65,13.63,,,,,0,1537,34
11,Elevation,continuous,2.0,3.0,165.0,43.5,1075.0,1075.0,3.0,5.624716383235209,377.21892664618804,1075.0,<GA.substring object at 0x7f8c5041c390>,1537,34
9,NH4+-N,continuous,0.015,0.02,0.095,0.03,1.26,8.8,,,,,0,1537,34
8,NO3--N,continuous,0.23,0.23,0.29,0.23,0.95,2.0,,,,,0,1537,34
0,Temperature,continuous,19.04,19.04,27.01,24.805,32.22,34.0,19.04,19.04,23.980374816430423,38.352029317121236,<GA.substring object at 0x7f8c5041c1d0>,1537,34
6,Turbidity,continuous,0.0,0.2,5.07,1.3725,85.43,355.63,,,,,0,1537,34
2,pH,continuous,6.56,6.69,8.16,7.18,8.8,8.87,,,,,0,1537,34
10,velocity,continuous,0.0,0.0,0.4,0.0,1.0,1.5,,,,,0,1537,34
7,COD,continuous,5.0,5.0,22.5,8.73,60.0,117.6,14.1622519273931,15.88751429183825,26.405598961149526,33.48341349650561,<GA.substring object at 0x7f8c50494710>,1537,35
3,Chlorophyll,continuous,0.73,0.73,5.6725,1.9225,25.43,66.84,,,,,0,1537,35
4,Cl-,continuous,0.53,0.53,3.7725,1.86,55.84,181.74,,,,,0,1537,35
1,Conductivity,continuous,36.5,36.5,208.0,80.65,749.25,1981.0,,,,,0,1537,35
5,DO,continuous,1.97,1.97,8.2725,6.5875,10.65,13.63,,,,,0,1537,35
11,Elevation,continuous,2.0,3.0,165.0,43.5,1075.0,1075.0,3.0,5.624716383235209,377.21892664618804,1075.0,<GA.substring object at 0x7f8c5041c390>,1537,35
9,NH4+-N,continuous,0.015,0.02,0.095,0.03,1.26,8.8,,,,,0,1537,35
8,NO3--N,continuous,0.23,0.23,0.29,0.23,0.95,2.0,,,,,0,1537,35
0,Temperature,continuous,19.04,19.04,27.01,24.805,32.22,34.0,19.04,19.04,23.980374816430423,38.352029317121236,<GA.substring object at 0x7f8c5041c1d0>,1537,35
6,Turbidity,continuous,0.0,0.2,5.07,1.3725,85.43,355.63,,,,,0,1537,35
2,pH,continuous,6.56,6.69,8.16,7.18,8.8,8.87,,,,,0,1537,35
10,velocity,continuous,0.0,0.0,0.4,0.0,1.0,1.5,,,,,0,1537,35
7,COD,continuous,5.0,5.0,22.5,8.73,60.0,117.6,14.1622519273931,15.879081249419126,19.42520303770513,33.48341349650561,<GA.substring object at 0x7f8c50494710>,1537,36
3,Chlorophyll,continuous,0.73,0.73,5.6725,1.9225,25.43,66.84,,,,,0,1537,36
4,Cl-,continuous,0.53,0.53,3.7725,1.86,55.84,181.74,,,,,0,1537,36
1,Conductivity,continuous,36.5,36.5,208.0,80.65,749.25,1981.0,,,,,0,1537,36
5,DO,continuous,1.97,1.97,8.2725,6.5875,10.65,13.63,,,,,0,1537,36
11,Elevation,continuous,2.0,3.0,165.0,43.5,1075.0,1075.0,3.0,5.624716383235209,377.21892664618804,1075.0,<GA.substring object at 0x7f8c5041c390>,1537,36
9,NH4+-N,continuous,0.015,0.02,0.095,0.03,1.26,8.8,,,,,0,1537,36
8,NO3--N,continuous,0.23,0.23,0.29,0.23,0.95,2.0,,,,,0,1537,36
0,Temperature,continuous,19.04,19.04,27.01,24.805,32.22,34.0,19.04,19.04,23.980374816430423,38.352029317121236,<GA.substring object at 0x7f8c5041c1d0>,1537,36
6,Turbidity,continuous,0.0,0.2,5.07,1.3725,85.43,355.63,,,,,0,1537,36
2,pH,continuous,6.56,6.69,8.16,7.18,8.8,8.87,,,,,0,1537,36
10,velocity,continuous,0.0,0.0,0.4,0.0,1.0,1.5,,,,,0,1537,36
7,COD,continuous,5.0,5.0,22.5,8.73,60.0,117.6,4.947013234602588,10.343016673592231,43.743705525206714,45.7606947943178,<GA.substring object at 0x7f8c50494710>,1537,37
3,Chlorophyll,continuous,0.73,0.73,5.6725,1.9225,25.43,66.84,,,,,0,1537,37
4,Cl-,continuous,0.53,0.53,3.7725,1.86,55.84,181.74,,,,,0,1537,37
1,Conductivity,continuous,36.5,36.5,208.0,80.65,749.25,1981.0,,,,,0,1537,37
5,DO,continuous,1.97,1.97,8.2725,6.5875,10.65,13.63,,,,,0,1537,37
11,Elevation,continuous,2.0,3.0,165.0,43.5,1075.0,1075.0,3.0,5.624716383235209,377.21892664618804,1075.0,<GA.substring object at 0x7f8c5041c390>,1537,37
9,NH4+-N,continuous,0.015,0.02,0.095,0.03,1.26,8.8,,,,,0,1537,37
8,NO3--N,continuous,0.23,0.23,0.29,0.23,0.95,2.0,,,,,0,1537,37
0,Temperature,continuous,19.04,19.04,27.01,24.805,32.22,34.0,19.04,19.04,23.980374816430423,38.352029317121236,<GA.substring object at 0x7f8c5041c1d0>,1537,37
6,Turbidity,continuous,0.0,0.2,5.07,1.3725,85.43,355.63,,,,,0,1537,37
2,pH,continuous,6.56,6.69,8.16,7.18,8.8,8.87,,,,,0,1537,37
10,velocity,continuous,0.0,0.0,0.4,0.0,1.0,1.5,,,,,0,1537,37
7,COD,continuous,5.0,5.0,22.5,8.73,60.0,117.6,5.491662499342964,14.106134812819814,25.953159607982414,74.27948159744112,<GA.substring object at 0x7f8c50494710>,1537,38
3,Chlorophyll,continuous,0.73,0.73,5.6725,1.9225,25.43,66.84,,,,,0,1537,38
4,Cl-,continuous,0.53,0.53,3.7725,1.86,55.84,181.74,,,,,0,1537,38
1,Conductivity,continuous,36.5,36.5,208.0,80.65,749.25,1981.0,,,,,0,1537,38
5,DO,continuous,1.97,1.97,8.2725,6.5875,10.65,13.63,,,,,0,1537,38
11,Elevation,continuous,2.0,3.0,165.0,43.5,1075.0,1075.0,3.0798066079582957,5.624716383235209,377.21892664618804,1075.0,<GA.substring object at 0x7f8c5041c390>,1537,38
9,NH4+-N,continuous,0.015,0.02,0.095,0.03,1.26,8.8,,,,,0,1537,38
8,NO3--N,continuous,0.23,0.23,0.29,0.23,0.95,2.0,,,,,0,1537,38
0,Temperature,continuous,19.04,19.04,27.01,24.805,32.22,34.0,19.04,19.04,23.980374816430423,38.352029317121236,<GA.substring object at 0x7f8c5041c1d0>,1537,38
6,Turbidity,continuous,0.0,0.2,5.07,1.3725,85.43,355.63,,,,,0,1537,38
2,pH,continuous,6.56,6.69,8.16,7.18,8.8,8.87,,,,,0,1537,38
10,velocity,continuous,0.0,0.0,0.4,0.0,1.0,1.5,,,,,0,1537,38
7,COD,continuous,5.0,5.0,22.5,8.73,60.0,117.6,13.445747292020185,32.78916038373703,34.20778672755554,69.20078265934308,<GA.substring object at 0x7f8c50494710>,1537,39
3,Chlorophyll,continuous,0.73,0.73,5.6725,1.9225,25.43,66.84,,,,,0,1537,39
4,Cl-,continuous,0.53,0.53,3.7725,1.86,55.84,181.74,,,,,0,1537,39
1,Conductivity,continuous,36.5,36.5,208.0,80.65,749.25,1981.0,,,,,0,1537,39
5,DO,continuous,1.97,1.97,8.2725,6.5875,10.65,13.63,,,,,0,1537,39
11,Elevation,continuous,2.0,3.0,165.0,43.5,1075.0,1075.0,3.0798066079582957,5.624716383235209,377.21892664618804,1075.0,<GA.substring object at 0x7f8c5041c390>,1537,39
9,NH4+-N,continuous,0.015,0.02,0.095,0.03,1.26,8.8,,,,,0,1537,39
8,NO3--N,continuous,0.23,0.23,0.29,0.23,0.95,2.0,,,,,0,1537,39
0,Temperature,continuous,19.04,19.04,27.01,24.805,32.22,34.0,19.04,19.04,23.980374816430423,38.352029317121236,<GA.substring object at 0x7f8c5041c1d0>,1537,39
6,Turbidity,continuous,0.0,0.2,5.07,1.3725,85.43,355.63,,,,,0,1537,39
2,pH,continuous,6.56,6.69,8.16,7.18,8.8,8.87,,,,,0,1537,39
10,velocity,continuous,0.0,0.0,0.4,0.0,1.0,1.5,,,,,0,1537,39
7,COD,continuous,5.0,5.0,22.5,8.73,60.0,117.6,21.314118172195375,32.78916038373703,34.20778672755554,78.87523565447088,<GA.substring object at 0x7f8c50494710>,1537,40
3,Chlorophyll,continuous,0.73,0.73,5.6725,1.9225,25.43,66.84,,,,,0,1537,40
4,Cl-,continuous,0.53,0.53,3.7725,1.86,55.84,181.74,,,,,0,1537,40
1,Conductivity,continuous,36.5,36.5,208.0,80.65,749.25,1981.0,,,,,0,1537,40
5,DO,continuous,1.97,1.97,8.2725,6.5875,10.65,13.63,,,,,0,1537,40
11,Elevation,continuous,2.0,3.0,165.0,43.5,1075.0,1075.0,4.849495000992913,5.624716383235209,377.21892664618804,1075.0,<GA.substring object at 0x7f8c5041c390>,1537,40
9,NH4+-N,continuous,0.015,0.02,0.095,0.03,1.26,8.8,,,,,0,1537,40
8,NO3--N,continuous,0.23,0.23,0.29,0.23,0.95,2.0,,,,,0,1537,40
0,Temperature,continuous,19.04,19.04,27.01,24.805,32.22,34.0,19.04,19.04,23.980374816430423,38.352029317121236,<GA.substring object at 0x7f8c5041c1d0>,1537,40
6,Turbidity,continuous,0.0,0.2,5.07,1.3725,85.43,355.63,,,,,0,1537,40
2,pH,continuous,6.56,6.69,8.16,7.18,8.8,8.87,,,,,0,1537,40
10,velocity,continuous,0.0,0.0,0.4,0.0,1.0,1.5,,,,,0,1537,40
7,COD,continuous,5.0,5.0,22.5,8.73,60.0,117.6,12.012704140050827,25.870254190808765,32.908060740500545,78.87523565447088,<GA.substring object at 0x7f8c50494710>,1537,41
3,Chlorophyll,continuous,0.73,0.73,5.6725,1.9225,25.43,66.84,,,,,0,1537,41
4,Cl-,continuous,0.53,0.53,3.7725,1.86,55.84,181.74,,,,,0,1537,41
1,Conductivity,continuous,36.5,36.5,208.0,80.65,749.25,1981.0,,,,,0,1537,41
5,DO,continuous,1.97,1.97,8.2725,6.5875,10.65,13.63,,,,,0,1537,41
11,Elevation,continuous,2.0,3.0,165.0,43.5,1075.0,1075.0,4.849495000992913,5.624716383235209,377.21892664618804,1075.0,<GA.substring object at 0x7f8c5041c390>,1537,41
9,NH4+-N,continuous,0.015,0.02,0.095,0.03,1.26,8.8,,,,,0,1537,41
8,NO3--N,continuous,0.23,0.23,0.29,0.23,0.95,2.0,,,,,0,1537,41
0,Temperature,continuous,19.04,19.04,27.01,24.805,32.22,34.0,19.04,19.04,23.980374816430423,38.352029317121236,<GA.substring object at 0x7f8c5041c1d0>,1537,41
6,Turbidity,continuous,0.0,0.2,5.07,1.3725,85.43,355.63,,,,,0,1537,41
2,pH,continuous,6.56,6.69,8.16,7.18,8.8,8.87,,,,,0,1537,41
10,velocity,continuous,0.0,0.0,0.4,0.0,1.0,1.5,,,,,0,1537,41
7,COD,continuous,5.0,5.0,22.5,8.73,60.0,117.6,21.678701189680083,21.931312916289855,45.31923950901575,89.84822721177892,<GA.substring object at 0x7f8c50494710>,1537,42
3,Chlorophyll,continuous,0.73,0.73,5.6725,1.9225,25.43,66.84,,,,,0,1537,42
4,Cl-,continuous,0.53,0.53,3.7725,1.86,55.84,181.74,,,,,0,1537,42
1,Conductivity,continuous,36.5,36.5,208.0,80.65,749.25,1981.0,,,,,0,1537,42
5,DO,continuous,1.97,1.97,8.2725,6.5875,10.65,13.63,,,,,0,1537,42
11,Elevation,continuous,2.0,3.0,165.0,43.5,1075.0,1075.0,4.849495000992913,5.624716383235209,377.21892664618804,1075.0,<GA.substring object at 0x7f8c5041c390>,1537,42
9,NH4+-N,continuous,0.015,0.02,0.095,0.03,1.26,8.8,,,,,0,1537,42
8,NO3--N,continuous,0.23,0.23,0.29,0.23,0.95,2.0,,,,,0,1537,42
0,Temperature,continuous,19.04,19.04,27.01,24.805,32.22,34.0,19.04,19.04,23.980374816430423,38.352029317121236,<GA.substring object at 0x7f8c5041c1d0>,1537,42
6,Turbidity,continuous,0.0,0.2,5.07,1.3725,85.43,355.63,,,,,0,1537,42
2,pH,continuous,6.56,6.69,8.16,7.18,8.8,8.87,,,,,0,1537,42
10,velocity,continuous,0.0,0.0,0.4,0.0,1.0,1.5,,,,,0,1537,42
7,COD,continuous,5.0,5.0,22.5,8.73,60.0,117.6,35.55050799388358,37.018285483525744,43.64391735741514,49.01867065822514,<GA.substring object at 0x7f8c50494710>,1537,43
3,Chlorophyll,continuous,0.73,0.73,5.6725,1.9225,25.43,66.84,,,,,0,1537,43
4,Cl-,continuous,0.53,0.53,3.7725,1.86,55.84,181.74,,,,,0,1537,43
1,Conductivity,continuous,36.5,36.5,208.0,80.65,749.25,1981.0,,,,,0,1537,43
5,DO,continuous,1.97,1.97,8.2725,6.5875,10.65,13.63,,,,,0,1537,43
11,Elevation,continuous,2.0,3.0,165.0,43.5,1075.0,1075.0,1.6140506411865598,109.87444654799091,190.24892157386762,1481.5672229916624,<GA.substring object at 0x7f8c5041c390>,1537,43
9,NH4+-N,continuous,0.015,0.02,0.095,0.03,1.26,8.8,,,,,0,1537,43
8,NO3--N,continuous,0.23,0.23,0.29,0.23,0.95,2.0,,,,,0,1537,43
0,Temperature,continuous,19.04,19.04,27.01,24.805,32.22,34.0,14.666713587955124,19.04,23.980374816430423,38.352029317121236,<GA.substring object at 0x7f8c5041c1d0>,1537,43
6,Turbidity,continuous,0.0,0.2,5.07,1.3725,85.43,355.63,,,,,0,1537,43
2,pH,continuous,6.56,6.69,8.16,7.18,8.8,8.87,,,,,0,1537,43
10,velocity,continuous,0.0,0.0,0.4,0.0,1.0,1.5,,,,,0,1537,43
7,COD,continuous,5.0,5.0,22.5,8.73,60.0,117.6,12.55983089462729,23.06083031993229,43.64391735741514,56.514024780803695,<GA.substring object at 0x7f8c50494710>,1537,44
3,Chlorophyll,continuous,0.73,0.73,5.6725,1.9225,25.43,66.84,,,,,0,1537,44
4,Cl-,continuous,0.53,0.53,3.7725,1.86,55.84,181.74,,,,,0,1537,44
1,Conductivity,continuous,36.5,36.5,208.0,80.65,749.25,1981.0,,,,,0,1537,44
5,DO,continuous,1.97,1.97,8.2725,6.5875,10.65,13.63,,,,,0,1537,44
11,Elevation,continuous,2.0,3.0,165.0,43.5,1075.0,1075.0,1.6140506411865598,109.87444654799091,190.24892157386762,479.1278166060287,<GA.substring object at 0x7f8c5041c390>,1537,44
9,NH4+-N,continuous,0.015,0.02,0.095,0.03,1.26,8.8,,,,,0,1537,44
8,NO3--N,continuous,0.23,0.23,0.29,0.23,0.95,2.0,,,,,0,1537,44
0,Temperature,continuous,19.04,19.04,27.01,24.805,32.22,34.0,14.666713587955124,19.04,23.980374816430423,38.352029317121236,<GA.substring object at 0x7f8c5041c1d0>,1537,44
6,Turbidity,continuous,0.0,0.2,5.07,1.3725,85.43,355.63,,,,,0,1537,44
2,pH,continuous,6.56,6.69,8.16,7.18,8.8,8.87,,,,,0,1537,44
10,velocity,continuous,0.0,0.0,0.4,0.0,1.0,1.5,,,,,0,1537,44
7,COD,continuous,5.0,5.0,22.5,8.73,60.0,117.6,13.044578056419061,23.200851963566066,45.950553037174366,66.25673834222991,<GA.substring object at 0x7f8c50494710>,1537,45
3,Chlorophyll,continuous,0.73,0.73,5.6725,1.9225,25.43,66.84,,,,,0,1537,45
4,Cl-,continuous,0.53,0.53,3.7725,1.86,55.84,181.74,,,,,0,1537,45
1,Conductivity,continuous,36.5,36.5,208.0,80.65,749.25,1981.0,,,,,0,1537,45
5,DO,continuous,1.97,1.97,8.2725,6.5875,10.65,13.63,,,,,0,1537,45
11,Elevation,continuous,2.0,3.0,165.0,43.5,1075.0,1075.0,1.6140506411865598,109.87444654799091,190.24892157386762,479.1278166060287,<GA.substring object at 0x7f8c5041c390>,1537,45
9,NH4+-N,continuous,0.015,0.02,0.095,0.03,1.26,8.8,,,,,0,1537,45
8,NO3--N,continuous,0.23,0.23,0.29,0.23,0.95,2.0,,,,,0,1537,45
0,Temperature,continuous,19.04,19.04,27.01,24.805,32.22,34.0,14.666713587955124,19.04,23.980374816430423,38.352029317121236,<GA.substring object at 0x7f8c5041c1d0>,1537,45
6,Turbidity,continuous,0.0,0.2,5.07,1.3725,85.43,355.63,,,,,0,1537,45
2,pH,continuous,6.56,6.69,8.16,7.18,8.8,8.87,,,,,0,1537,45
10,velocity,continuous,0.0,0.0,0.4,0.0,1.0,1.5,,,,,0,1537,45
7,COD,continuous,5.0,5.0,22.5,8.73,60.0,117.6,14.555561921930106,23.200851963566066,40.130741889621305,49.708266342124915,<GA.substring object at 0x7f8c50494710>,1537,46
3,Chlorophyll,continuous,0.73,0.73,5.6725,1.9225,25.43,66.84,,,,,0,1537,46
4,Cl-,continuous,0.53,0.53,3.7725,1.86,55.84,181.74,,,,,0,1537,46
1,Conductivity,continuous,36.5,36.5,208.0,80.65,749.25,1981.0,,,,,0,1537,46
5,DO,continuous,1.97,1.97,8.2725,6.5875,10.65,13.63,,,,,0,1537,46
11,Elevation,continuous,2.0,3.0,165.0,43.5,1075.0,1075.0,1.6140506411865598,109.87444654799091,190.24892157386762,479.1278166060287,<GA.substring object at 0x7f8c5041c390>,1537,46
9,NH4+-N,continuous,0.015,0.02,0.095,0.03,1.26,8.8,,,,,0,1537,46
8,NO3--N,continuous,0.23,0.23,0.29,0.23,0.95,2.0,,,,,0,1537,46
0,Temperature,continuous,19.04,19.04,27.01,24.805,32.22,34.0,14.666713587955124,19.04,23.980374816430423,38.352029317121236,<GA.substring object at 0x7f8c5041c1d0>,1537,46
6,Turbidity,continuous,0.0,0.2,5.07,1.3725,85.43,355.63,,,,,0,1537,46
2,pH,continuous,6.56,6.69,8.16,7.18,8.8,8.87,,,,,0,1537,46
10,velocity,continuous,0.0,0.0,0.4,0.0,1.0,1.5,,,,,0,1537,46
7,COD,continuous,5.0,5.0,22.5,8.73,60.0,117.6,4.4293559708600565,15.388840058999449,42.29212724923743,82.71014414677842,<GA.substring object at 0x7f8c50494710>,1537,47
3,Chlorophyll,continuous,0.73,0.73,5.6725,1.9225,25.43,66.84,,,,,0,1537,47
4,Cl-,continuous,0.53,0.53,3.7725,1.86,55.84,181.74,,,,,0,1537,47
1,Conductivity,continuous,36.5,36.5,208.0,80.65,749.25,1981.0,,,,,0,1537,47
5,DO,continuous,1.97,1.97,8.2725,6.5875,10.65,13.63,,,,,0,1537,47
11,Elevation,continuous,2.0,3.0,165.0,43.5,1075.0,1075.0,1.6140506411865598,109.87444654799091,190.24892157386762,479.1278166060287,<GA.substring object at 0x7f8c5041c390>,1537,47
9,NH4+-N,continuous,0.015,0.02,0.095,0.03,1.26,8.8,,,,,0,1537,47
8,NO3--N,continuous,0.23,0.23,0.29,0.23,0.95,2.0,,,,,0,1537,47
0,Temperature,continuous,19.04,19.04,27.01,24.805,32.22,34.0,14.666713587955124,19.04,23.980374816430423,38.352029317121236,<GA.substring object at 0x7f8c5041c1d0>,1537,47
6,Turbidity,continuous,0.0,0.2,5.07,1.3725,85.43,355.63,,,,,0,1537,47
2,pH,continuous,6.56,6.69,8.16,7.18,8.8,8.87,,,,,0,1537,47
10,velocity,continuous,0.0,0.0,0.4,0.0,1.0,1.5,,,,,0,1537,47
7,COD,continuous,5.0,5.0,22.5,8.73,60.0,117.6,26.896162055311283,43.518641609865384,68.90746799827511,71.08463328529363,<GA.substring object at 0x7f8c50494710>,1537,48
3,Chlorophyll,continuous,0.73,0.73,5.6725,1.9225,25.43,66.84,,,,,0,1537,48
4,Cl-,continuous,0.53,0.53,3.7725,1.86,55.84,181.74,,,,,0,1537,48
1,Conductivity,continuous,36.5,36.5,208.0,80.65,749.25,1981.0,,,,,0,1537,48
5,DO,continuous,1.97,1.97,8.2725,6.5875,10.65,13.63,,,,,0,1537,48
11,Elevation,continuous,2.0,3.0,165.0,43.5,1075.0,1075.0,1.6140506411865598,109.87444654799091,190.24892157386762,479.1278166060287,<GA.substring object at 0x7f8c5041c390>,1537,48
9,NH4+-N,continuous,0.015,0.02,0.095,0.03,1.26,8.8,,,,,0,1537,48
8,NO3--N,continuous,0.23,0.23,0.29,0.23,0.95,2.0,,,,,0,1537,48
0,Temperature,continuous,19.04,19.04,27.01,24.805,32.22,34.0,14.666713587955124,19.04,23.980374816430423,38.352029317121236,<GA.substring object at 0x7f8c5041c1d0>,1537,48
6,Turbidity,continuous,0.0,0.2,5.07,1.3725,85.43,355.63,,,,,0,1537,48
2,pH,continuous,6.56,6.69,8.16,7.18,8.8,8.87,,,,,0,1537,48
10,velocity,continuous,0.0,0.0,0.4,0.0,1.0,1.5,,,,,0,1537,48
7,COD,continuous,5.0,5.0,22.5,8.73,60.0,117.6,2.5801452011725003,33.856530057012,38.07327537234282,71.08463328529363,<GA.substring object at 0x7f8c50494710>,1537,49
3,Chlorophyll,continuous,0.73,0.73,5.6725,1.9225,25.43,66.84,,,,,0,1537,49
4,Cl-,continuous,0.53,0.53,3.7725,1.86,55.84,181.74,,,,,0,1537,49
1,Conductivity,continuous,36.5,36.5,208.0,80.65,749.25,1981.0,,,,,0,1537,49
5,DO,continuous,1.97,1.97,8.2725,6.5875,10.65,13.63,,,,,0,1537,49
11,Elevation,continuous,2.0,3.0,165.0,43.5,1075.0,1075.0,1.6140506411865598,109.87444654799091,190.24892157386762,479.1278166060287,<GA.substring object at 0x7f8c5041c390>,1537,49
9,NH4+-N,continuous,0.015,0.02,0.095,0.03,1.26,8.8,,,,,0,1537,49
8,NO3--N,continuous,0.23,0.23,0.29,0.23,0.95,2.0,,,,,0,1537,49
0,Temperature,continuous,19.04,19.04,27.01,24.805,32.22,34.0,14.666713587955124,19.04,23.980374816430423,38.352029317121236,<GA.substring object at 0x7f8c5041c1d0>,1537,49
6,Turbidity,continuous,0.0,0.2,5.07,1.3725,85.43,355.63,,,,,0,1537,49
2,pH,continuous,6.56,6.69,8.16,7.18,8.8,8.87,,,,,0,1537,49
10,velocity,continuous,0.0,0.0,0.4,0.0,1.0,1.5,,,,,0,1537,49
7,COD,continuous,5.0,5.0,22.5,8.73,60.0,117.6,17.780320825036352,33.856530057012,45.64116194468419,52.789958758307804,<GA.substring object at 0x7f8c50494710>,1537,50
3,Chlorophyll,continuous,0.73,0.73,5.6725,1.9225,25.43,66.84,,,,,0,1537,50
4,Cl-,continuous,0.53,0.53,3.7725,1.86,55.84,181.74,,,,,0,1537,50
1,Conductivity,continuous,36.5,36.5,208.0,80.65,749.25,1981.0,,,,,0,1537,50
5,DO,continuous,1.97,1.97,8.2725,6.5875,10.65,13.63,,,,,0,1537,50
11,Elevation,continuous,2.0,3.0,165.0,43.5,1075.0,1075.0,1.6140506411865598,109.87444654799091,190.24892157386762,479.1278166060287,<GA.substring object at 0x7f8c5041c390>,1537,50
9,NH4+-N,continuous,0.015,0.02,0.095,0.03,1.26,8.8,,,,,0,1537,50
8,NO3--N,continuous,0.23,0.23,0.29,0.23,0.95,2.0,,,,,0,1537,50
0,Temperature,continuous,19.04,19.04,27.01,24.805,32.22,34.0,14.666713587955124,19.04,23.980374816430423,38.352029317121236,<GA.substring object at 0x7f8c5041c1d0>,1537,50
6,Turbidity,continuous,0.0,0.2,5.07,1.3725,85.43,355.63,,,,,0,1537,50
2,pH,continuous,6.56,6.69,8.16,7.18,8.8,8.87,,,,,0,1537,50
10,velocity,continuous,0.0,0.0,0.4,0.0,1.0,1.5,,,,,0,1537,50
7,COD,continuous,5.0,5.0,22.5,8.73,60.0,117.6,17.780320825036352,37.138358995588085,45.64116194468419,52.789958758307804,<GA.substring object at 0x7f8c50494710>,1537,51
3,Chlorophyll,continuous,0.73,0.73,5.6725,1.9225,25.43,66.84,,,,,0,1537,51
4,Cl-,continuous,0.53,0.53,3.7725,1.86,55.84,181.74,,,,,0,1537,51
1,Conductivity,continuous,36.5,36.5,208.0,80.65,749.25,1981.0,,,,,0,1537,51
5,DO,continuous,1.97,1.97,8.2725,6.5875,10.65,13.63,,,,,0,1537,51
11,Elevation,continuous,2.0,3.0,165.0,43.5,1075.0,1075.0,1.6140506411865598,109.87444654799091,190.24892157386762,479.1278166060287,<GA.substring object at 0x7f8c5041c390>,1537,51
9,NH4+-N,continuous,0.015,0.02,0.095,0.03,1.26,8.8,,,,,0,1537,51
8,NO3--N,continuous,0.23,0.23,0.29,0.23,0.95,2.0,,,,,0,1537,51
0,Temperature,continuous,19.04,19.04,27.01,24.805,32.22,34.0,14.666713587955124,19.04,23.980374816430423,38.352029317121236,<GA.substring object at 0x7f8c5041c1d0>,1537,51
6,Turbidity,continuous,0.0,0.2,5.07,1.3725,85.43,355.63,,,,,0,1537,51
2,pH,continuous,6.56,6.69,8.16,7.18,8.8,8.87,,,,,0,1537,51
10,velocity,continuous,0.0,0.0,0.4,0.0,1.0,1.5,,,,,0,1537,51
7,COD,continuous,5.0,5.0,22.5,8.73,60.0,117.6,29.460987395024418,37.138358995588085,45.64116194468419,58.55919190847283,<GA.substring object at 0x7f8c50494710>,1537,52
3,Chlorophyll,continuous,0.73,0.73,5.6725,1.9225,25.43,66.84,,,,,0,1537,52
4,Cl-,continuous,0.53,0.53,3.7725,1.86,55.84,181.74,,,,,0,1537,52
1,Conductivity,continuous,36.5,36.5,208.0,80.65,749.25,1981.0,,,,,0,1537,52
5,DO,continuous,1.97,1.97,8.2725,6.5875,10.65,13.63,,,,,0,1537,52
11,Elevation,continuous,2.0,3.0,165.0,43.5,1075.0,1075.0,1.6140506411865598,109.87444654799091,190.24892157386762,479.1278166060287,<GA.substring object at 0x7f8c5041c390>,1537,52
9,NH4+-N,continuous,0.015,0.02,0.095,0.03,1.26,8.8,,,,,0,1537,52
8,NO3--N,continuous,0.23,0.23,0.29,0.23,0.95,2.0,,,,,0,1537,52
0,Temperature,continuous,19.04,19.04,27.01,24.805,32.22,34.0,14.666713587955124,19.04,23.980374816430423,38.352029317121236,<GA.substring object at 0x7f8c5041c1d0>,1537,52
6,Turbidity,continuous,0.0,0.2,5.07,1.3725,85.43,355.63,,,,,0,1537,52
2,pH,continuous,6.56,6.69,8.16,7.18,8.8,8.87,,,,,0,1537,52
10,velocity,continuous,0.0,0.0,0.4,0.0,1.0,1.5,,,,,0,1537,52
7,COD,continuous,5.0,5.0,22.5,8.73,60.0,117.6,32.17110261090362,38.21629446505205,45.64116194468419,81.52307414798995,<GA.substring object at 0x7f8c50494710>,1537,53
3,Chlorophyll,continuous,0.73,0.73,5.6725,1.9225,25.43,66.84,,,,,0,1537,53
4,Cl-,continuous,0.53,0.53,3.7725,1.86,55.84,181.74,,,,,0,1537,53
1,Conductivity,continuous,36.5,36.5,208.0,80.65,749.25,1981.0,,,,,0,1537,53
5,DO,continuous,1.97,1.97,8.2725,6.5875,10.65,13.63,,,,,0,1537,53
11,Elevation,continuous,2.0,3.0,165.0,43.5,1075.0,1075.0,1.6140506411865598,36.38627008568841,190.24892157386762,479.1278166060287,<GA.substring object at 0x7f8c5041c390>,1537,53
9,NH4+-N,continuous,0.015,0.02,0.095,0.03,1.26,8.8,,,,,0,1537,53
8,NO3--N,continuous,0.23,0.23,0.29,0.23,0.95,2.0,,,,,0,1537,53
0,Temperature,continuous,19.04,19.04,27.01,24.805,32.22,34.0,14.20657515828451,19.04,23.980374816430423,42.58830455003515,<GA.substring object at 0x7f8c5041c1d0>,1537,53
6,Turbidity,continuous,0.0,0.2,5.07,1.3725,85.43,355.63,,,,,0,1537,53
2,pH,continuous,6.56,6.69,8.16,7.18,8.8,8.87,,,,,0,1537,53
10,velocity,continuous,0.0,0.0,0.4,0.0,1.0,1.5,,,,,0,1537,53
7,COD,continuous,5.0,5.0,22.5,8.73,60.0,117.6,6.6055686716051305,35.52245168916089,46.080970958395895,86.86230139999236,<GA.substring object at 0x7f8c50494710>,1537,54
3,Chlorophyll,continuous,0.73,0.73,5.6725,1.9225,25.43,66.84,,,,,0,1537,54
4,Cl-,continuous,0.53,0.53,3.7725,1.86,55.84,181.74,,,,,0,1537,54
1,Conductivity,continuous,36.5,36.5,208.0,80.65,749.25,1981.0,,,,,0,1537,54
5,DO,continuous,1.97,1.97,8.2725,6.5875,10.65,13.63,,,,,0,1537,54
11,Elevation,continuous,2.0,3.0,165.0,43.5,1075.0,1075.0,1.6140506411865598,36.38627008568841,190.24892157386762,479.1278166060287,<GA.substring object at 0x7f8c5041c390>,1537,54
9,NH4+-N,continuous,0.015,0.02,0.095,0.03,1.26,8.8,,,,,0,1537,54
8,NO3--N,continuous,0.23,0.23,0.29,0.23,0.95,2.0,,,,,0,1537,54
0,Temperature,continuous,19.04,19.04,27.01,24.805,32.22,34.0,14.20657515828451,19.04,23.980374816430423,42.58830455003515,<GA.substring object at 0x7f8c5041c1d0>,1537,54
6,Turbidity,continuous,0.0,0.2,5.07,1.3725,85.43,355.63,,,,,0,1537,54
2,pH,continuous,6.56,6.69,8.16,7.18,8.8,8.87,,,,,0,1537,54
10,velocity,continuous,0.0,0.0,0.4,0.0,1.0,1.5,,,,,0,1537,54
7,COD,continuous,5.0,5.0,22.5,8.73,60.0,117.6,27.106032013149154,43.194006303850884,55.47220770061931,73.0689954884184,<GA.substring object at 0x7f8c50494710>,1537,55
3,Chlorophyll,continuous,0.73,0.73,5.6725,1.9225,25.43,66.84,,,,,0,1537,55
4,Cl-,continuous,0.53,0.53,3.7725,1.86,55.84,181.74,,,,,0,1537,55
1,Conductivity,continuous,36.5,36.5,208.0,80.65,749.25,1981.0,,,,,0,1537,55
5,DO,continuous,1.97,1.97,8.2725,6.5875,10.65,13.63,,,,,0,1537,55
11,Elevation,continuous,2.0,3.0,165.0,43.5,1075.0,1075.0,1.6140506411865598,36.38627008568841,190.24892157386762,479.1278166060287,<GA.substring object at 0x7f8c5041c390>,1537,55
9,NH4+-N,continuous,0.015,0.02,0.095,0.03,1.26,8.8,,,,,0,1537,55
8,NO3--N,continuous,0.23,0.23,0.29,0.23,0.95,2.0,,,,,0,1537,55
0,Temperature,continuous,19.04,19.04,27.01,24.805,32.22,34.0,14.20657515828451,19.04,23.980374816430423,42.58830455003515,<GA.substring object at 0x7f8c5041c1d0>,1537,55
6,Turbidity,continuous,0.0,0.2,5.07,1.3725,85.43,355.63,,,,,0,1537,55
2,pH,continuous,6.56,6.69,8.16,7.18,8.8,8.87,,,,,0,1537,55
10,velocity,continuous,0.0,0.0,0.4,0.0,1.0,1.5,,,,,0,1537,55
7,COD,continuous,5.0,5.0,22.5,8.73,60.0,117.6,27.106032013149154,37.34017644939297,43.55507766551001,45.279193069797735,<GA.substring object at 0x7f8c50494710>,1537,56
3,Chlorophyll,continuous,0.73,0.73,5.6725,1.9225,25.43,66.84,,,,,0,1537,56
4,Cl-,continuous,0.53,0.53,3.7725,1.86,55.84,181.74,,,,,0,1537,56
1,Conductivity,continuous,36.5,36.5,208.0,80.65,749.25,1981.0,,,,,0,1537,56
5,DO,continuous,1.97,1.97,8.2725,6.5875,10.65,13.63,,,,,0,1537,56
11,Elevation,continuous,2.0,3.0,165.0,43.5,1075.0,1075.0,1.6140506411865598,36.38627008568841,190.24892157386762,479.1278166060287,<GA.substring object at 0x7f8c5041c390>,1537,56
9,NH4+-N,continuous,0.015,0.02,0.095,0.03,1.26,8.8,,,,,0,1537,56
8,NO3--N,continuous,0.23,0.23,0.29,0.23,0.95,2.0,,,,,0,1537,56
0,Temperature,continuous,19.04,19.04,27.01,24.805,32.22,34.0,14.20657515828451,19.04,23.980374816430423,42.58830455003515,<GA.substring object at 0x7f8c5041c1d0>,1537,56
6,Turbidity,continuous,0.0,0.2,5.07,1.3725,85.43,355.63,,,,,0,1537,56
2,pH,continuous,6.56,6.69,8.16,7.18,8.8,8.87,,,,,0,1537,56
10,velocity,continuous,0.0,0.0,0.4,0.0,1.0,1.5,,,,,0,1537,56
7,COD,continuous,5.0,5.0,22.5,8.73,60.0,117.6,27.106032013149154,37.34017644939297,46.83587874065056,70.22126249004114,<GA.substring object at 0x7f8c50494710>,1537,57
3,Chlorophyll,continuous,0.73,0.73,5.6725,1.9225,25.43,66.84,,,,,0,1537,57
4,Cl-,continuous,0.53,0.53,3.7725,1.86,55.84,181.74,,,,,0,1537,57
1,Conductivity,continuous,36.5,36.5,208.0,80.65,749.25,1981.0,,,,,0,1537,57
5,DO,continuous,1.97,1.97,8.2725,6.5875,10.65,13.63,,,,,0,1537,57
11,Elevation,continuous,2.0,3.0,165.0,43.5,1075.0,1075.0,1.6140506411865598,36.38627008568841,190.24892157386762,479.1278166060287,<GA.substring object at 0x7f8c5041c390>,1537,57
9,NH4+-N,continuous,0.015,0.02,0.095,0.03,1.26,8.8,,,,,0,1537,57
8,NO3--N,continuous,0.23,0.23,0.29,0.23,0.95,2.0,,,,,0,1537,57
0,Temperature,continuous,19.04,19.04,27.01,24.805,32.22,34.0,14.20657515828451,19.04,23.980374816430423,42.58830455003515,<GA.substring object at 0x7f8c5041c1d0>,1537,57
6,Turbidity,continuous,0.0,0.2,5.07,1.3725,85.43,355.63,,,,,0,1537,57
2,pH,continuous,6.56,6.69,8.16,7.18,8.8,8.87,,,,,0,1537,57
10,velocity,continuous,0.0,0.0,0.4,0.0,1.0,1.5,,,,,0,1537,57
7,COD,continuous,5.0,5.0,22.5,8.73,60.0,117.6,20.69633570155143,21.436164770721128,29.560689584829582,70.22126249004114,<GA.substring object at 0x7f8c50494710>,1537,58
3,Chlorophyll,continuous,0.73,0.73,5.6725,1.9225,25.43,66.84,,,,,0,1537,58
4,Cl-,continuous,0.53,0.53,3.7725,1.86,55.84,181.74,,,,,0,1537,58
1,Conductivity,continuous,36.5,36.5,208.0,80.65,749.25,1981.0,,,,,0,1537,58
5,DO,continuous,1.97,1.97,8.2725,6.5875,10.65,13.63,,,,,0,1537,58
11,Elevation,continuous,2.0,3.0,165.0,43.5,1075.0,1075.0,1.6140506411865598,36.38627008568841,190.24892157386762,479.1278166060287,<GA.substring object at 0x7f8c5041c390>,1537,58
9,NH4+-N,continuous,0.015,0.02,0.095,0.03,1.26,8.8,,,,,0,1537,58
8,NO3--N,continuous,0.23,0.23,0.29,0.23,0.95,2.0,,,,,0,1537,58
0,Temperature,continuous,19.04,19.04,27.01,24.805,32.22,34.0,14.20657515828451,19.04,23.980374816430423,42.58830455003515,<GA.substring object at 0x7f8c5041c1d0>,1537,58
6,Turbidity,continuous,0.0,0.2,5.07,1.3725,85.43,355.63,,,,,0,1537,58
2,pH,continuous,6.56,6.69,8.16,7.18,8.8,8.87,,,,,0,1537,58
10,velocity,continuous,0.0,0.0,0.4,0.0,1.0,1.5,,,,,0,1537,58
7,COD,continuous,5.0,5.0,22.5,8.73,60.0,117.6,20.69633570155143,27.004502314440877,29.560689584829582,70.22126249004114,<GA.substring object at 0x7f8c50494710>,1537,59
3,Chlorophyll,continuous,0.73,0.73,5.6725,1.9225,25.43,66.84,,,,,0,1537,59
4,Cl-,continuous,0.53,0.53,3.7725,1.86,55.84,181.74,,,,,0,1537,59
1,Conductivity,continuous,36.5,36.5,208.0,80.65,749.25,1981.0,,,,,0,1537,59
5,DO,continuous,1.97,1.97,8.2725,6.5875,10.65,13.63,,,,,0,1537,59
11,Elevation,continuous,2.0,3.0,165.0,43.5,1075.0,1075.0,1.6140506411865598,36.38627008568841,190.24892157386762,479.1278166060287,<GA.substring object at 0x7f8c5041c390>,1537,59
9,NH4+-N,continuous,0.015,0.02,0.095,0.03,1.26,8.8,,,,,0,1537,59
8,NO3--N,continuous,0.23,0.23,0.29,0.23,0.95,2.0,,,,,0,1537,59
0,Temperature,continuous,19.04,19.04,27.01,24.805,32.22,34.0,14.20657515828451,19.04,23.980374816430423,42.58830455003515,<GA.substring object at 0x7f8c5041c1d0>,1537,59
6,Turbidity,continuous,0.0,0.2,5.07,1.3725,85.43,355.63,,,,,0,1537,59
2,pH,continuous,6.56,6.69,8.16,7.18,8.8,8.87,,,,,0,1537,59
10,velocity,continuous,0.0,0.0,0.4,0.0,1.0,1.5,,,,,0,1537,59
7,COD,continuous,5.0,5.0,22.5,8.73,60.0,117.6,21.810346242383357,26.70205418999159,29.560689584829582,35.36072594990465,<GA.substring object at 0x7f8c50494710>,1537,60
3,Chlorophyll,continuous,0.73,0.73,5.6725,1.9225,25.43,66.84,,,,,0,1537,60
4,Cl-,continuous,0.53,0.53,3.7725,1.86,55.84,181.74,,,,,0,1537,60
1,Conductivity,continuous,36.5,36.5,208.0,80.65,749.25,1981.0,,,,,0,1537,60
5,DO,continuous,1.97,1.97,8.2725,6.5875,10.65,13.63,,,,,0,1537,60
11,Elevation,continuous,2.0,3.0,165.0,43.5,1075.0,1075.0,1.6140506411865598,36.38627008568841,190.24892157386762,479.1278166060287,<GA.substring object at 0x7f8c5041c390>,1537,60
9,NH4+-N,continuous,0.015,0.02,0.095,0.03,1.26,8.8,,,,,0,1537,60
8,NO3--N,continuous,0.23,0.23,0.29,0.23,0.95,2.0,,,,,0,1537,60
0,Temperature,continuous,19.04,19.04,27.01,24.805,32.22,34.0,14.20657515828451,19.04,23.980374816430423,42.58830455003515,<GA.substring object at 0x7f8c5041c1d0>,1537,60
6,Turbidity,continuous,0.0,0.2,5.07,1.3725,85.43,355.63,,,,,0,1537,60
2,pH,continuous,6.56,6.69,8.16,7.18,8.8,8.87,,,,,0,1537,60
10,velocity,continuous,0.0,0.0,0.4,0.0,1.0,1.5,,,,,0,1537,60
7,COD,continuous,5.0,5.0,22.5,8.73,60.0,117.6,13.731014178267472,20.579527823837104,66.24309180153269,80.45371339063323,<GA.substring object at 0x7f8c50494710>,1537,61
3,Chlorophyll,continuous,0.73,0.73,5.6725,1.9225,25.43,66.84,,,,,0,1537,61
4,Cl-,continuous,0.53,0.53,3.7725,1.86,55.84,181.74,,,,,0,1537,61
1,Conductivity,continuous,36.5,36.5,208.0,80.65,749.25,1981.0,,,,,0,1537,61
5,DO,continuous,1.97,1.97,8.2725,6.5875,10.65,13.63,,,,,0,1537,61
11,Elevation,continuous,2.0,3.0,165.0,43.5,1075.0,1075.0,1.6140506411865598,36.38627008568841,190.24892157386762,479.1278166060287,<GA.substring object at 0x7f8c5041c390>,1537,61
9,NH4+-N,continuous,0.015,0.02,0.095,0.03,1.26,8.8,,,,,0,1537,61
8,NO3--N,continuous,0.23,0.23,0.29,0.23,0.95,2.0,,,,,0,1537,61
0,Temperature,continuous,19.04,19.04,27.01,24.805,32.22,34.0,14.20657515828451,19.04,23.980374816430423,42.58830455003515,<GA.substring object at 0x7f8c5041c1d0>,1537,61
6,Turbidity,continuous,0.0,0.2,5.07,1.3725,85.43,355.63,,,,,0,1537,61
2,pH,continuous,6.56,6.69,8.16,7.18,8.8,8.87,,,,,0,1537,61
10,velocity,continuous,0.0,0.0,0.4,0.0,1.0,1.5,,,,,0,1537,61
7,COD,continuous,5.0,5.0,22.5,8.73,60.0,117.6,16.484363570295244,41.47330888507202,59.40881086385352,71.73287797589143,<GA.substring object at 0x7f8c50494710>,1537,62
3,Chlorophyll,continuous,0.73,0.73,5.6725,1.9225,25.43,66.84,,,,,0,1537,62
4,Cl-,continuous,0.53,0.53,3.7725,1.86,55.84,181.74,,,,,0,1537,62
1,Conductivity,continuous,36.5,36.5,208.0,80.65,749.25,1981.0,,,,,0,1537,62
5,DO,continuous,1.97,1.97,8.2725,6.5875,10.65,13.63,,,,,0,1537,62
11,Elevation,continuous,2.0,3.0,165.0,43.5,1075.0,1075.0,1.6140506411865598,36.38627008568841,190.24892157386762,479.1278166060287,<GA.substring object at 0x7f8c5041c390>,1537,62
9,NH4+-N,continuous,0.015,0.02,0.095,0.03,1.26,8.8,,,,,0,1537,62
8,NO3--N,continuous,0.23,0.23,0.29,0.23,0.95,2.0,,,,,0,1537,62
0,Temperature,continuous,19.04,19.04,27.01,24.805,32.22,34.0,14.20657515828451,19.04,23.980374816430423,42.58830455003515,<GA.substring object at 0x7f8c5041c1d0>,1537,62
6,Turbidity,continuous,0.0,0.2,5.07,1.3725,85.43,355.63,,,,,0,1537,62
2,pH,continuous,6.56,6.69,8.16,7.18,8.8,8.87,,,,,0,1537,62
10,velocity,continuous,0.0,0.0,0.4,0.0,1.0,1.5,,,,,0,1537,62
7,COD,continuous,5.0,5.0,22.5,8.73,60.0,117.6,23.184790012038544,35.13082995862384,66.09689951221256,71.73287797589143,<GA.substring object at 0x7f8c50494710>,1537,63
3,Chlorophyll,continuous,0.73,0.73,5.6725,1.9225,25.43,66.84,,,,,0,1537,63
4,Cl-,continuous,0.53,0.53,3.7725,1.86,55.84,181.74,,,,,0,1537,63
1,Conductivity,continuous,36.5,36.5,208.0,80.65,749.25,1981.0,,,,,0,1537,63
5,DO,continuous,1.97,1.97,8.2725,6.5875,10.65,13.63,,,,,0,1537,63
11,Elevation,continuous,2.0,3.0,165.0,43.5,1075.0,1075.0,1.6140506411865598,36.38627008568841,190.24892157386762,479.1278166060287,<GA.substring object at 0x7f8c5041c390>,1537,63
9,NH4+-N,continuous,0.015,0.02,0.095,0.03,1.26,8.8,,,,,0,1537,63
8,NO3--N,continuous,0.23,0.23,0.29,0.23,0.95,2.0,,,,,0,1537,63
0,Temperature,continuous,19.04,19.04,27.01,24.805,32.22,34.0,14.20657515828451,19.04,23.980374816430423,42.58830455003515,<GA.substring object at 0x7f8c5041c1d0>,1537,63
6,Turbidity,continuous,0.0,0.2,5.07,1.3725,85.43,355.63,,,,,0,1537,63
2,pH,continuous,6.56,6.69,8.16,7.18,8.8,8.87,,,,,0,1537,63
10,velocity,continuous,0.0,0.0,0.4,0.0,1.0,1.5,,,,,0,1537,63
7,COD,continuous,5.0,5.0,22.5,8.73,60.0,117.6,23.184790012038544,35.13082995862384,66.09689951221256,67.86080974831397,<GA.substring object at 0x7f8c50494710>,1537,64
3,Chlorophyll,continuous,0.73,0.73,5.6725,1.9225,25.43,66.84,,,,,0,1537,64
4,Cl-,continuous,0.53,0.53,3.7725,1.86,55.84,181.74,,,,,0,1537,64
1,Conductivity,continuous,36.5,36.5,208.0,80.65,749.25,1981.0,,,,,0,1537,64
5,DO,continuous,1.97,1.97,8.2725,6.5875,10.65,13.63,,,,,0,1537,64
11,Elevation,continuous,2.0,3.0,165.0,43.5,1075.0,1075.0,1.6140506411865598,36.38627008568841,190.24892157386762,479.1278166060287,<GA.substring object at 0x7f8c5041c390>,1537,64
9,NH4+-N,continuous,0.015,0.02,0.095,0.03,1.26,8.8,,,,,0,1537,64
8,NO3--N,continuous,0.23,0.23,0.29,0.23,0.95,2.0,,,,,0,1537,64
0,Temperature,continuous,19.04,19.04,27.01,24.805,32.22,34.0,14.20657515828451,19.04,23.980374816430423,42.58830455003515,<GA.substring object at 0x7f8c5041c1d0>,1537,64
6,Turbidity,continuous,0.0,0.2,5.07,1.3725,85.43,355.63,,,,,0,1537,64
2,pH,continuous,6.56,6.69,8.16,7.18,8.8,8.87,,,,,0,1537,64
10,velocity,continuous,0.0,0.0,0.4,0.0,1.0,1.5,,,,,0,1537,64
7,COD,continuous,5.0,5.0,22.5,8.73,60.0,117.6,18.718440787341326,35.13082995862384,66.09689951221256,67.86080974831397,<GA.substring object at 0x7f8c50494710>,1537,65
3,Chlorophyll,continuous,0.73,0.73,5.6725,1.9225,25.43,66.84,,,,,0,1537,65
4,Cl-,continuous,0.53,0.53,3.7725,1.86,55.84,181.74,,,,,0,1537,65
1,Conductivity,continuous,36.5,36.5,208.0,80.65,749.25,1981.0,,,,,0,1537,65
5,DO,continuous,1.97,1.97,8.2725,6.5875,10.65,13.63,,,,,0,1537,65
11,Elevation,continuous,2.0,3.0,165.0,43.5,1075.0,1075.0,1.6140506411865598,36.38627008568841,190.24892157386762,479.1278166060287,<GA.substring object at 0x7f8c5041c390>,1537,65
9,NH4+-N,continuous,0.015,0.02,0.095,0.03,1.26,8.8,,,,,0,1537,65
8,NO3--N,continuous,0.23,0.23,0.29,0.23,0.95,2.0,,,,,0,1537,65
0,Temperature,continuous,19.04,19.04,27.01,24.805,32.22,34.0,14.20657515828451,19.04,23.980374816430423,42.58830455003515,<GA.substring object at 0x7f8c5041c1d0>,1537,65
6,Turbidity,continuous,0.0,0.2,5.07,1.3725,85.43,355.63,,,,,0,1537,65
2,pH,continuous,6.56,6.69,8.16,7.18,8.8,8.87,,,,,0,1537,65
10,velocity,continuous,0.0,0.0,0.4,0.0,1.0,1.5,,,,,0,1537,65
7,COD,continuous,5.0,5.0,22.5,8.73,60.0,117.6,32.44696596352121,40.734283006529644,41.27078409786391,81.80981091340004,<GA.substring object at 0x7f8c50494710>,1537,66
3,Chlorophyll,continuous,0.73,0.73,5.6725,1.9225,25.43,66.84,,,,,0,1537,66
4,Cl-,continuous,0.53,0.53,3.7725,1.86,55.84,181.74,,,,,0,1537,66
1,Conductivity,continuous,36.5,36.5,208.0,80.65,749.25,1981.0,,,,,0,1537,66
5,DO,continuous,1.97,1.97,8.2725,6.5875,10.65,13.63,,,,,0,1537,66
11,Elevation,continuous,2.0,3.0,165.0,43.5,1075.0,1075.0,1.6140506411865598,36.38627008568841,190.24892157386762,1566.748209000031,<GA.substring object at 0x7f8c5041c390>,1537,66
9,NH4+-N,continuous,0.015,0.02,0.095,0.03,1.26,8.8,,,,,0,1537,66
8,NO3--N,continuous,0.23,0.23,0.29,0.23,0.95,2.0,,,,,0,1537,66
0,Temperature,continuous,19.04,19.04,27.01,24.805,32.22,34.0,14.20657515828451,19.04,23.980374816430423,42.58830455003515,<GA.substring object at 0x7f8c5041c1d0>,1537,66
6,Turbidity,continuous,0.0,0.2,5.07,1.3725,85.43,355.63,,,,,0,1537,66
2,pH,continuous,6.56,6.69,8.16,7.18,8.8,8.87,,,,,0,1537,66
10,velocity,continuous,0.0,0.0,0.4,0.0,1.0,1.5,,,,,0,1537,66
7,COD,continuous,5.0,5.0,22.5,8.73,60.0,117.6,10.848982392559682,21.421355615460122,41.27078409786391,72.27552048621936,<GA.substring object at 0x7f8c50494710>,1537,67
3,Chlorophyll,continuous,0.73,0.73,5.6725,1.9225,25.43,66.84,,,,,0,1537,67
4,Cl-,continuous,0.53,0.53,3.7725,1.86,55.84,181.74,,,,,0,1537,67
1,Conductivity,continuous,36.5,36.5,208.0,80.65,749.25,1981.0,,,,,0,1537,67
5,DO,continuous,1.97,1.97,8.2725,6.5875,10.65,13.63,,,,,0,1537,67
11,Elevation,continuous,2.0,3.0,165.0,43.5,1075.0,1075.0,1.6140506411865598,36.38627008568841,190.24892157386762,1566.748209000031,<GA.substring object at 0x7f8c5041c390>,1537,67
9,NH4+-N,continuous,0.015,0.02,0.095,0.03,1.26,8.8,,,,,0,1537,67
8,NO3--N,continuous,0.23,0.23,0.29,0.23,0.95,2.0,,,,,0,1537,67
0,Temperature,continuous,19.04,19.04,27.01,24.805,32.22,34.0,14.20657515828451,19.04,23.980374816430423,42.58830455003515,<GA.substring object at 0x7f8c5041c1d0>,1537,67
6,Turbidity,continuous,0.0,0.2,5.07,1.3725,85.43,355.63,,,,,0,1537,67
2,pH,continuous,6.56,6.69,8.16,7.18,8.8,8.87,,,,,0,1537,67
10,velocity,continuous,0.0,0.0,0.4,0.0,1.0,1.5,,,,,0,1537,67
7,COD,continuous,5.0,5.0,22.5,8.73,60.0,117.6,10.848982392559682,21.421355615460122,41.54582894345261,47.93845911124813,<GA.substring object at 0x7f8c50494710>,1537,68
3,Chlorophyll,continuous,0.73,0.73,5.6725,1.9225,25.43,66.84,,,,,0,1537,68
4,Cl-,continuous,0.53,0.53,3.7725,1.86,55.84,181.74,,,,,0,1537,68
1,Conductivity,continuous,36.5,36.5,208.0,80.65,749.25,1981.0,,,,,0,1537,68
5,DO,continuous,1.97,1.97,8.2725,6.5875,10.65,13.63,,,,,0,1537,68
11,Elevation,continuous,2.0,3.0,165.0,43.5,1075.0,1075.0,1.6140506411865598,36.38627008568841,190.24892157386762,1566.748209000031,<GA.substring object at 0x7f8c5041c390>,1537,68
9,NH4+-N,continuous,0.015,0.02,0.095,0.03,1.26,8.8,,,,,0,1537,68
8,NO3--N,continuous,0.23,0.23,0.29,0.23,0.95,2.0,,,,,0,1537,68
0,Temperature,continuous,19.04,19.04,27.01,24.805,32.22,34.0,14.20657515828451,19.04,23.980374816430423,42.58830455003515,<GA.substring object at 0x7f8c5041c1d0>,1537,68
6,Turbidity,continuous,0.0,0.2,5.07,1.3725,85.43,355.63,,,,,0,1537,68
2,pH,continuous,6.56,6.69,8.16,7.18,8.8,8.87,,,,,0,1537,68
10,velocity,continuous,0.0,0.0,0.4,0.0,1.0,1.5,,,,,0,1537,68
7,COD,continuous,5.0,5.0,22.5,8.73,60.0,117.6,6.46013847588487,13.716176079694222,15.50504665735792,43.92706084584765,<GA.substring object at 0x7f8c50494710>,1537,69
3,Chlorophyll,continuous,0.73,0.73,5.6725,1.9225,25.43,66.84,,,,,0,1537,69
4,Cl-,continuous,0.53,0.53,3.7725,1.86,55.84,181.74,,,,,0,1537,69
1,Conductivity,continuous,36.5,36.5,208.0,80.65,749.25,1981.0,,,,,0,1537,69
5,DO,continuous,1.97,1.97,8.2725,6.5875,10.65,13.63,,,,,0,1537,69
11,Elevation,continuous,2.0,3.0,165.0,43.5,1075.0,1075.0,1.6140506411865598,149.1742447267395,190.24892157386762,1566.748209000031,<GA.substring object at 0x7f8c5041c390>,1537,69
9,NH4+-N,continuous,0.015,0.02,0.095,0.03,1.26,8.8,,,,,0,1537,69
8,NO3--N,continuous,0.23,0.23,0.29,0.23,0.95,2.0,,,,,0,1537,69
0,Temperature,continuous,19.04,19.04,27.01,24.805,32.22,34.0,14.20657515828451,19.04,23.980374816430423,42.58830455003515,<GA.substring object at 0x7f8c5041c1d0>,1537,69
6,Turbidity,continuous,0.0,0.2,5.07,1.3725,85.43,355.63,,,,,0,1537,69
2,pH,continuous,6.56,6.69,8.16,7.18,8.8,8.87,,,,,0,1537,69
10,velocity,continuous,0.0,0.0,0.4,0.0,1.0,1.5,,,,,0,1537,69
7,COD,continuous,5.0,5.0,22.5,8.73,60.0,117.6,8.477950172781943,13.716176079694222,16.709406516215836,28.233558526572697,<GA.substring object at 0x7f8c50494710>,1537,70
3,Chlorophyll,continuous,0.73,0.73,5.6725,1.9225,25.43,66.84,,,,,0,1537,70
4,Cl-,continuous,0.53,0.53,3.7725,1.86,55.84,181.74,,,,,0,1537,70
1,Conductivity,continuous,36.5,36.5,208.0,80.65,749.25,1981.0,,,,,0,1537,70
5,DO,continuous,1.97,1.97,8.2725,6.5875,10.65,13.63,,,,,0,1537,70
11,Elevation,continuous,2.0,3.0,165.0,43.5,1075.0,1075.0,1.6140506411865598,149.1742447267395,190.24892157386762,1566.748209000031,<GA.substring object at 0x7f8c5041c390>,1537,70
9,NH4+-N,continuous,0.015,0.02,0.095,0.03,1.26,8.8,,,,,0,1537,70
8,NO3--N,continuous,0.23,0.23,0.29,0.23,0.95,2.0,,,,,0,1537,70
0,Temperature,continuous,19.04,19.04,27.01,24.805,32.22,34.0,14.042862950866073,19.04,23.980374816430423,42.58830455003515,<GA.substring object at 0x7f8c5041c1d0>,1537,70
6,Turbidity,continuous,0.0,0.2,5.07,1.3725,85.43,355.63,,,,,0,1537,70
2,pH,continuous,6.56,6.69,8.16,7.18,8.8,8.87,,,,,0,1537,70
10,velocity,continuous,0.0,0.0,0.4,0.0,1.0,1.5,,,,,0,1537,70
7,COD,continuous,5.0,5.0,22.5,8.73,60.0,117.6,7.060420499364725,13.652870645594014,41.27078409786391,72.61524212666042,<GA.substring object at 0x7f8c50404a90>,3419,71
3,Chlorophyll,continuous,0.73,0.73,5.6725,1.9225,25.43,66.84,,,,,0,3419,71
4,Cl-,continuous,0.53,0.53,3.7725,1.86,55.84,181.74,,,,,0,3419,71
1,Conductivity,continuous,36.5,36.5,208.0,80.65,749.25,1981.0,,,,,0,3419,71
5,DO,continuous,1.97,1.97,8.2725,6.5875,10.65,13.63,,,,,0,3419,71
11,Elevation,continuous,2.0,3.0,165.0,43.5,1075.0,1075.0,,,,,0,3419,71
9,NH4+-N,continuous,0.015,0.02,0.095,0.03,1.26,8.8,,,,,0,3419,71
8,NO3--N,continuous,0.23,0.23,0.29,0.23,0.95,2.0,,,,,0,3419,71
0,Temperature,continuous,19.04,19.04,27.01,24.805,32.22,34.0,19.04,19.04,26.688279655375595,32.22,<GA.substring object at 0x7f8c4669a0f0>,3419,71
6,Turbidity,continuous,0.0,0.2,5.07,1.3725,85.43,355.63,,,,,0,3419,71
2,pH,continuous,6.56,6.69,8.16,7.18,8.8,8.87,,,,,0,3419,71
10,velocity,continuous,0.0,0.0,0.4,0.0,1.0,1.5,,,,,0,3419,71
7,COD,continuous,5.0,5.0,22.5,8.73,60.0,117.6,7.060420499364725,13.652870645594014,41.27078409786391,72.61524212666042,<GA.substring object at 0x7f8c50404a90>,3419,72
3,Chlorophyll,continuous,0.73,0.73,5.6725,1.9225,25.43,66.84,,,,,0,3419,72
4,Cl-,continuous,0.53,0.53,3.7725,1.86,55.84,181.74,,,,,0,3419,72
1,Conductivity,continuous,36.5,36.5,208.0,80.65,749.25,1981.0,,,,,0,3419,72
5,DO,continuous,1.97,1.97,8.2725,6.5875,10.65,13.63,,,,,0,3419,72
11,Elevation,continuous,2.0,3.0,165.0,43.5,1075.0,1075.0,,,,,0,3419,72
9,NH4+-N,continuous,0.015,0.02,0.095,0.03,1.26,8.8,,,,,0,3419,72
8,NO3--N,continuous,0.23,0.23,0.29,0.23,0.95,2.0,,,,,0,3419,72
0,Temperature,continuous,19.04,19.04,27.01,24.805,32.22,34.0,19.04,19.04,26.688279655375595,32.22,<GA.substring object at 0x7f8c4669a0f0>,3419,72
6,Turbidity,continuous,0.0,0.2,5.07,1.3725,85.43,355.63,,,,,0,3419,72
2,pH,continuous,6.56,6.69,8.16,7.18,8.8,8.87,,,,,0,3419,72
10,velocity,continuous,0.0,0.0,0.4,0.0,1.0,1.5,,,,,0,3419,72
7,COD,continuous,5.0,5.0,22.5,8.73,60.0,117.6,7.060420499364725,13.652870645594014,41.27078409786391,72.61524212666042,<GA.substring object at 0x7f8c50404a90>,3419,73
3,Chlorophyll,continuous,0.73,0.73,5.6725,1.9225,25.43,66.84,,,,,0,3419,73
4,Cl-,continuous,0.53,0.53,3.7725,1.86,55.84,181.74,,,,,0,3419,73
1,Conductivity,continuous,36.5,36.5,208.0,80.65,749.25,1981.0,,,,,0,3419,73
5,DO,continuous,1.97,1.97,8.2725,6.5875,10.65,13.63,,,,,0,3419,73
11,Elevation,continuous,2.0,3.0,165.0,43.5,1075.0,1075.0,,,,,0,3419,73
9,NH4+-N,continuous,0.015,0.02,0.095,0.03,1.26,8.8,,,,,0,3419,73
8,NO3--N,continuous,0.23,0.23,0.29,0.23,0.95,2.0,,,,,0,3419,73
0,Temperature,continuous,19.04,19.04,27.01,24.805,32.22,34.0,19.04,19.04,26.688279655375595,32.22,<GA.substring object at 0x7f8c4669a0f0>,3419,73
6,Turbidity,continuous,0.0,0.2,5.07,1.3725,85.43,355.63,,,,,0,3419,73
2,pH,continuous,6.56,6.69,8.16,7.18,8.8,8.87,,,,,0,3419,73
10,velocity,continuous,0.0,0.0,0.4,0.0,1.0,1.5,,,,,0,3419,73
7,COD,continuous,5.0,5.0,22.5,8.73,60.0,117.6,7.060420499364725,13.652870645594014,41.27078409786391,72.61524212666042,<GA.substring object at 0x7f8c50404a90>,3419,74
3,Chlorophyll,continuous,0.73,0.73,5.6725,1.9225,25.43,66.84,,,,,0,3419,74
4,Cl-,continuous,0.53,0.53,3.7725,1.86,55.84,181.74,,,,,0,3419,74
1,Conductivity,continuous,36.5,36.5,208.0,80.65,749.25,1981.0,,,,,0,3419,74
5,DO,continuous,1.97,1.97,8.2725,6.5875,10.65,13.63,,,,,0,3419,74
11,Elevation,continuous,2.0,3.0,165.0,43.5,1075.0,1075.0,,,,,0,3419,74
9,NH4+-N,continuous,0.015,0.02,0.095,0.03,1.26,8.8,,,,,0,3419,74
8,NO3--N,continuous,0.23,0.23,0.29,0.23,0.95,2.0,,,,,0,3419,74
0,Temperature,continuous,19.04,19.04,27.01,24.805,32.22,34.0,19.04,19.04,26.688279655375595,32.22,<GA.substring object at 0x7f8c4669a0f0>,3419,74
6,Turbidity,continuous,0.0,0.2,5.07,1.3725,85.43,355.63,,,,,0,3419,74
2,pH,continuous,6.56,6.69,8.16,7.18,8.8,8.87,,,,,0,3419,74
10,velocity,continuous,0.0,0.0,0.4,0.0,1.0,1.5,,,,,0,3419,74
7,COD,continuous,5.0,5.0,22.5,8.73,60.0,117.6,3.455132243595594,7.557735253085191,19.610551369234425,22.044902998378472,<GA.substring object at 0x7f8c50494710>,3474,75
3,Chlorophyll,continuous,0.73,0.73,5.6725,1.9225,25.43,66.84,,,,,0,3474,75
4,Cl-,continuous,0.53,0.53,3.7725,1.86,55.84,181.74,,,,,0,3474,75
1,Conductivity,continuous,36.5,36.5,208.0,80.65,749.25,1981.0,,,,,0,3474,75
5,DO,continuous,1.97,1.97,8.2725,6.5875,10.65,13.63,,,,,0,3474,75
11,Elevation,continuous,2.0,3.0,165.0,43.5,1075.0,1075.0,3.0,4.20862423858483,178.63190796774725,437.48560058676867,<GA.substring object at 0x7f8c503b2cf8>,3474,75
9,NH4+-N,continuous,0.015,0.02,0.095,0.03,1.26,8.8,,,,,0,3474,75
8,NO3--N,continuous,0.23,0.23,0.29,0.23,0.95,2.0,,,,,0,3474,75
0,Temperature,continuous,19.04,19.04,27.01,24.805,32.22,34.0,19.178459448346192,21.80782350025003,23.980374816430423,32.22,<GA.substring object at 0x7f8c503b2978>,3474,75
6,Turbidity,continuous,0.0,0.2,5.07,1.3725,85.43,355.63,,,,,0,3474,75
2,pH,continuous,6.56,6.69,8.16,7.18,8.8,8.87,,,,,0,3474,75
10,velocity,continuous,0.0,0.0,0.4,0.0,1.0,1.5,,,,,0,3474,75
7,COD,continuous,5.0,5.0,22.5,8.73,60.0,117.6,7.060420499364725,13.652870645594014,41.27078409786391,81.25326187561461,<GA.substring object at 0x7f8c50404a90>,3578,76
3,Chlorophyll,continuous,0.73,0.73,5.6725,1.9225,25.43,66.84,,,,,0,3578,76
4,Cl-,continuous,0.53,0.53,3.7725,1.86,55.84,181.74,,,,,0,3578,76
1,Conductivity,continuous,36.5,36.5,208.0,80.65,749.25,1981.0,,,,,0,3578,76
5,DO,continuous,1.97,1.97,8.2725,6.5875,10.65,13.63,,,,,0,3578,76
11,Elevation,continuous,2.0,3.0,165.0,43.5,1075.0,1075.0,,,,,0,3578,76
9,NH4+-N,continuous,0.015,0.02,0.095,0.03,1.26,8.8,,,,,0,3578,76
8,NO3--N,continuous,0.23,0.23,0.29,0.23,0.95,2.0,,,,,0,3578,76
0,Temperature,continuous,19.04,19.04,27.01,24.805,32.22,34.0,19.04,19.04,26.688279655375595,32.22,<GA.substring object at 0x7f8c503e4208>,3578,76
6,Turbidity,continuous,0.0,0.2,5.07,1.3725,85.43,355.63,,,,,0,3578,76
2,pH,continuous,6.56,6.69,8.16,7.18,8.8,8.87,,,,,0,3578,76
10,velocity,continuous,0.0,0.0,0.4,0.0,1.0,1.5,,,,,0,3578,76
7,COD,continuous,5.0,5.0,22.5,8.73,60.0,117.6,7.060420499364725,13.652870645594014,41.27078409786391,61.11442916773413,<GA.substring object at 0x7f8c50404a90>,3578,77
3,Chlorophyll,continuous,0.73,0.73,5.6725,1.9225,25.43,66.84,,,,,0,3578,77
4,Cl-,continuous,0.53,0.53,3.7725,1.86,55.84,181.74,,,,,0,3578,77
1,Conductivity,continuous,36.5,36.5,208.0,80.65,749.25,1981.0,,,,,0,3578,77
5,DO,continuous,1.97,1.97,8.2725,6.5875,10.65,13.63,,,,,0,3578,77
11,Elevation,continuous,2.0,3.0,165.0,43.5,1075.0,1075.0,,,,,0,3578,77
9,NH4+-N,continuous,0.015,0.02,0.095,0.03,1.26,8.8,,,,,0,3578,77
8,NO3--N,continuous,0.23,0.23,0.29,0.23,0.95,2.0,,,,,0,3578,77
0,Temperature,continuous,19.04,19.04,27.01,24.805,32.22,34.0,19.04,19.04,26.688279655375595,32.22,<GA.substring object at 0x7f8c503e4208>,3578,77
6,Turbidity,continuous,0.0,0.2,5.07,1.3725,85.43,355.63,,,,,0,3578,77
2,pH,continuous,6.56,6.69,8.16,7.18,8.8,8.87,,,,,0,3578,77
10,velocity,continuous,0.0,0.0,0.4,0.0,1.0,1.5,,,,,0,3578,77
7,COD,continuous,5.0,5.0,22.5,8.73,60.0,117.6,3.285437042858787,13.652870645594014,41.0730510221406,45.428076078009006,<GA.substring object at 0x7f8c50404a90>,3578,78
3,Chlorophyll,continuous,0.73,0.73,5.6725,1.9225,25.43,66.84,,,,,0,3578,78
4,Cl-,continuous,0.53,0.53,3.7725,1.86,55.84,181.74,,,,,0,3578,78
1,Conductivity,continuous,36.5,36.5,208.0,80.65,749.25,1981.0,,,,,0,3578,78
5,DO,continuous,1.97,1.97,8.2725,6.5875,10.65,13.63,,,,,0,3578,78
11,Elevation,continuous,2.0,3.0,165.0,43.5,1075.0,1075.0,,,,,0,3578,78
9,NH4+-N,continuous,0.015,0.02,0.095,0.03,1.26,8.8,,,,,0,3578,78
8,NO3--N,continuous,0.23,0.23,0.29,0.23,0.95,2.0,,,,,0,3578,78
0,Temperature,continuous,19.04,19.04,27.01,24.805,32.22,34.0,19.04,19.04,26.688279655375595,32.22,<GA.substring object at 0x7f8c503e4208>,3578,78
6,Turbidity,continuous,0.0,0.2,5.07,1.3725,85.43,355.63,,,,,0,3578,78
2,pH,continuous,6.56,6.69,8.16,7.18,8.8,8.87,,,,,0,3578,78
10,velocity,continuous,0.0,0.0,0.4,0.0,1.0,1.5,,,,,0,3578,78
7,COD,continuous,5.0,5.0,22.5,8.73,60.0,117.6,3.285437042858787,13.652870645594014,41.0730510221406,45.428076078009006,<GA.substring object at 0x7f8c50404a90>,3561,79
3,Chlorophyll,continuous,0.73,0.73,5.6725,1.9225,25.43,66.84,,,,,0,3561,79
4,Cl-,continuous,0.53,0.53,3.7725,1.86,55.84,181.74,,,,,0,3561,79
1,Conductivity,continuous,36.5,36.5,208.0,80.65,749.25,1981.0,,,,,0,3561,79
5,DO,continuous,1.97,1.97,8.2725,6.5875,10.65,13.63,,,,,0,3561,79
11,Elevation,continuous,2.0,3.0,165.0,43.5,1075.0,1075.0,,,,,0,3561,79
9,NH4+-N,continuous,0.015,0.02,0.095,0.03,1.26,8.8,,,,,0,3561,79
8,NO3--N,continuous,0.23,0.23,0.29,0.23,0.95,2.0,,,,,0,3561,79
0,Temperature,continuous,19.04,19.04,27.01,24.805,32.22,34.0,12.626007807654473,19.04,26.688279655375595,32.22,<GA.substring object at 0x7f8c4669a0f0>,3561,79
6,Turbidity,continuous,0.0,0.2,5.07,1.3725,85.43,355.63,,,,,0,3561,79
2,pH,continuous,6.56,6.69,8.16,7.18,8.8,8.87,,,,,0,3561,79
10,velocity,continuous,0.0,0.0,0.4,0.0,1.0,1.5,,,,,0,3561,79
7,COD,continuous,5.0,5.0,22.5,8.73,60.0,117.6,7.572368203069821,14.148085417594565,41.0730510221406,65.41352311992542,<GA.substring object at 0x7f8c50404a90>,3579,80
3,Chlorophyll,continuous,0.73,0.73,5.6725,1.9225,25.43,66.84,,,,,0,3579,80
4,Cl-,continuous,0.53,0.53,3.7725,1.86,55.84,181.74,,,,,0,3579,80
1,Conductivity,continuous,36.5,36.5,208.0,80.65,749.25,1981.0,,,,,0,3579,80
5,DO,continuous,1.97,1.97,8.2725,6.5875,10.65,13.63,,,,,0,3579,80
11,Elevation,continuous,2.0,3.0,165.0,43.5,1075.0,1075.0,,,,,0,3579,80
9,NH4+-N,continuous,0.015,0.02,0.095,0.03,1.26,8.8,,,,,0,3579,80
8,NO3--N,continuous,0.23,0.23,0.29,0.23,0.95,2.0,,,,,0,3579,80
0,Temperature,continuous,19.04,19.04,27.01,24.805,32.22,34.0,19.04,19.04,26.688279655375595,32.22,<GA.substring object at 0x7f8c503e4400>,3579,80
6,Turbidity,continuous,0.0,0.2,5.07,1.3725,85.43,355.63,,,,,0,3579,80
2,pH,continuous,6.56,6.69,8.16,7.18,8.8,8.87,,,,,0,3579,80
10,velocity,continuous,0.0,0.0,0.4,0.0,1.0,1.5,,,,,0,3579,80
7,COD,continuous,5.0,5.0,22.5,8.73,60.0,117.6,7.572368203069821,37.51580616918693,48.30506474566804,65.41352311992542,<GA.substring object at 0x7f8c50404a90>,3819,81
3,Chlorophyll,continuous,0.73,0.73,5.6725,1.9225,25.43,66.84,,,,,0,3819,81
4,Cl-,continuous,0.53,0.53,3.7725,1.86,55.84,181.74,,,,,0,3819,81
1,Conductivity,continuous,36.5,36.5,208.0,80.65,749.25,1981.0,,,,,0,3819,81
5,DO,continuous,1.97,1.97,8.2725,6.5875,10.65,13.63,,,,,0,3819,81
11,Elevation,continuous,2.0,3.0,165.0,43.5,1075.0,1075.0,,,,,0,3819,81
9,NH4+-N,continuous,0.015,0.02,0.095,0.03,1.26,8.8,,,,,0,3819,81
8,NO3--N,continuous,0.23,0.23,0.29,0.23,0.95,2.0,,,,,0,3819,81
0,Temperature,continuous,19.04,19.04,27.01,24.805,32.22,34.0,19.04,19.042174463335105,26.442492948204155,32.22,<GA.substring object at 0x7f8c503ac1d0>,3819,81
6,Turbidity,continuous,0.0,0.2,5.07,1.3725,85.43,355.63,,,,,0,3819,81
2,pH,continuous,6.56,6.69,8.16,7.18,8.8,8.87,,,,,0,3819,81
10,velocity,continuous,0.0,0.0,0.4,0.0,1.0,1.5,,,,,0,3819,81
7,COD,continuous,5.0,5.0,22.5,8.73,60.0,117.6,42.38818096008164,46.89678773484018,48.30506474566804,65.41352311992542,<GA.substring object at 0x7f8c50404a90>,3819,82
3,Chlorophyll,continuous,0.73,0.73,5.6725,1.9225,25.43,66.84,,,,,0,3819,82
4,Cl-,continuous,0.53,0.53,3.7725,1.86,55.84,181.74,,,,,0,3819,82
1,Conductivity,continuous,36.5,36.5,208.0,80.65,749.25,1981.0,,,,,0,3819,82
5,DO,continuous,1.97,1.97,8.2725,6.5875,10.65,13.63,,,,,0,3819,82
11,Elevation,continuous,2.0,3.0,165.0,43.5,1075.0,1075.0,,,,,0,3819,82
9,NH4+-N,continuous,0.015,0.02,0.095,0.03,1.26,8.8,,,,,0,3819,82
8,NO3--N,continuous,0.23,0.23,0.29,0.23,0.95,2.0,,,,,0,3819,82
0,Temperature,continuous,19.04,19.04,27.01,24.805,32.22,34.0,19.04,19.042174463335105,26.442492948204155,32.22,<GA.substring object at 0x7f8c503ac1d0>,3819,82
6,Turbidity,continuous,0.0,0.2,5.07,1.3725,85.43,355.63,,,,,0,3819,82
2,pH,continuous,6.56,6.69,8.16,7.18,8.8,8.87,,,,,0,3819,82
10,velocity,continuous,0.0,0.0,0.4,0.0,1.0,1.5,,,,,0,3819,82
7,COD,continuous,5.0,5.0,22.5,8.73,60.0,117.6,9.026712870022479,17.327904565369053,56.61601787182911,64.35524359955835,<GA.substring object at 0x7f8c50404a90>,3561,83
3,Chlorophyll,continuous,0.73,0.73,5.6725,1.9225,25.43,66.84,,,,,0,3561,83
4,Cl-,continuous,0.53,0.53,3.7725,1.86,55.84,181.74,,,,,0,3561,83
1,Conductivity,continuous,36.5,36.5,208.0,80.65,749.25,1981.0,,,,,0,3561,83
5,DO,continuous,1.97,1.97,8.2725,6.5875,10.65,13.63,,,,,0,3561,83
11,Elevation,continuous,2.0,3.0,165.0,43.5,1075.0,1075.0,,,,,0,3561,83
9,NH4+-N,continuous,0.015,0.02,0.095,0.03,1.26,8.8,,,,,0,3561,83
8,NO3--N,continuous,0.23,0.23,0.29,0.23,0.95,2.0,,,,,0,3561,83
0,Temperature,continuous,19.04,19.04,27.01,24.805,32.22,34.0,12.626007807654473,19.04,26.688279655375595,32.22,<GA.substring object at 0x7f8c4669a0f0>,3561,83
6,Turbidity,continuous,0.0,0.2,5.07,1.3725,85.43,355.63,,,,,0,3561,83
2,pH,continuous,6.56,6.69,8.16,7.18,8.8,8.87,,,,,0,3561,83
10,velocity,continuous,0.0,0.0,0.4,0.0,1.0,1.5,,,,,0,3561,83
7,COD,continuous,5.0,5.0,22.5,8.73,60.0,117.6,55.327667186711075,59.349325049562275,70.42832171655698,72.16490432525357,<GA.substring object at 0x7f8c50404a90>,3579,84
3,Chlorophyll,continuous,0.73,0.73,5.6725,1.9225,25.43,66.84,,,,,0,3579,84
4,Cl-,continuous,0.53,0.53,3.7725,1.86,55.84,181.74,,,,,0,3579,84
1,Conductivity,continuous,36.5,36.5,208.0,80.65,749.25,1981.0,,,,,0,3579,84
5,DO,continuous,1.97,1.97,8.2725,6.5875,10.65,13.63,,,,,0,3579,84
11,Elevation,continuous,2.0,3.0,165.0,43.5,1075.0,1075.0,,,,,0,3579,84
9,NH4+-N,continuous,0.015,0.02,0.095,0.03,1.26,8.8,,,,,0,3579,84
8,NO3--N,continuous,0.23,0.23,0.29,0.23,0.95,2.0,,,,,0,3579,84
0,Temperature,continuous,19.04,19.04,27.01,24.805,32.22,34.0,19.04,19.04,26.688279655375595,32.22,<GA.substring object at 0x7f8c503e4400>,3579,84
6,Turbidity,continuous,0.0,0.2,5.07,1.3725,85.43,355.63,,,,,0,3579,84
2,pH,continuous,6.56,6.69,8.16,7.18,8.8,8.87,,,,,0,3579,84
10,velocity,continuous,0.0,0.0,0.4,0.0,1.0,1.5,,,,,0,3579,84
7,COD,continuous,5.0,5.0,22.5,8.73,60.0,117.6,2.889351938822143,50.93010490838003,77.55174314972535,87.50598293060429,<GA.substring object at 0x7f8c50404a90>,3561,85
3,Chlorophyll,continuous,0.73,0.73,5.6725,1.9225,25.43,66.84,,,,,0,3561,85
4,Cl-,continuous,0.53,0.53,3.7725,1.86,55.84,181.74,,,,,0,3561,85
1,Conductivity,continuous,36.5,36.5,208.0,80.65,749.25,1981.0,,,,,0,3561,85
5,DO,continuous,1.97,1.97,8.2725,6.5875,10.65,13.63,,,,,0,3561,85
11,Elevation,continuous,2.0,3.0,165.0,43.5,1075.0,1075.0,,,,,0,3561,85
9,NH4+-N,continuous,0.015,0.02,0.095,0.03,1.26,8.8,,,,,0,3561,85
8,NO3--N,continuous,0.23,0.23,0.29,0.23,0.95,2.0,,,,,0,3561,85
0,Temperature,continuous,19.04,19.04,27.01,24.805,32.22,34.0,12.626007807654473,19.04,26.688279655375595,32.22,<GA.substring object at 0x7f8c4669a0f0>,3561,85
6,Turbidity,continuous,0.0,0.2,5.07,1.3725,85.43,355.63,,,,,0,3561,85
2,pH,continuous,6.56,6.69,8.16,7.18,8.8,8.87,,,,,0,3561,85
10,velocity,continuous,0.0,0.0,0.4,0.0,1.0,1.5,,,,,0,3561,85
7,COD,continuous,5.0,5.0,22.5,8.73,60.0,117.6,57.74167924467582,75.38903252552365,80.7762327351338,89.02504051571549,<GA.substring object at 0x7f8c50404a90>,3561,86
3,Chlorophyll,continuous,0.73,0.73,5.6725,1.9225,25.43,66.84,,,,,0,3561,86
4,Cl-,continuous,0.53,0.53,3.7725,1.86,55.84,181.74,,,,,0,3561,86
1,Conductivity,continuous,36.5,36.5,208.0,80.65,749.25,1981.0,,,,,0,3561,86
5,DO,continuous,1.97,1.97,8.2725,6.5875,10.65,13.63,,,,,0,3561,86
11,Elevation,continuous,2.0,3.0,165.0,43.5,1075.0,1075.0,,,,,0,3561,86
9,NH4+-N,continuous,0.015,0.02,0.095,0.03,1.26,8.8,,,,,0,3561,86
8,NO3--N,continuous,0.23,0.23,0.29,0.23,0.95,2.0,,,,,0,3561,86
0,Temperature,continuous,19.04,19.04,27.01,24.805,32.22,34.0,12.626007807654473,19.04,26.688279655375595,32.22,<GA.substring object at 0x7f8c4669a0f0>,3561,86
6,Turbidity,continuous,0.0,0.2,5.07,1.3725,85.43,355.63,,,,,0,3561,86
2,pH,continuous,6.56,6.69,8.16,7.18,8.8,8.87,,,,,0,3561,86
10,velocity,continuous,0.0,0.0,0.4,0.0,1.0,1.5,,,,,0,3561,86
7,COD,continuous,5.0,5.0,22.5,8.73,60.0,117.6,57.74167924467582,64.91864710991553,80.79974630176355,83.15614941902389,<GA.substring object at 0x7f8c50404a90>,3561,87
3,Chlorophyll,continuous,0.73,0.73,5.6725,1.9225,25.43,66.84,,,,,0,3561,87
4,Cl-,continuous,0.53,0.53,3.7725,1.86,55.84,181.74,,,,,0,3561,87
1,Conductivity,continuous,36.5,36.5,208.0,80.65,749.25,1981.0,,,,,0,3561,87
5,DO,continuous,1.97,1.97,8.2725,6.5875,10.65,13.63,,,,,0,3561,87
11,Elevation,continuous,2.0,3.0,165.0,43.5,1075.0,1075.0,,,,,0,3561,87
9,NH4+-N,continuous,0.015,0.02,0.095,0.03,1.26,8.8,,,,,0,3561,87
8,NO3--N,continuous,0.23,0.23,0.29,0.23,0.95,2.0,,,,,0,3561,87
0,Temperature,continuous,19.04,19.04,27.01,24.805,32.22,34.0,12.626007807654473,19.04,26.688279655375595,32.22,<GA.substring object at 0x7f8c4669a0f0>,3561,87
6,Turbidity,continuous,0.0,0.2,5.07,1.3725,85.43,355.63,,,,,0,3561,87
2,pH,continuous,6.56,6.69,8.16,7.18,8.8,8.87,,,,,0,3561,87
10,velocity,continuous,0.0,0.0,0.4,0.0,1.0,1.5,,,,,0,3561,87
7,COD,continuous,5.0,5.0,22.5,8.73,60.0,117.6,57.74167924467582,64.91864710991553,80.79974630176355,83.15614941902389,<GA.substring object at 0x7f8c50404a90>,3561,88
3,Chlorophyll,continuous,0.73,0.73,5.6725,1.9225,25.43,66.84,,,,,0,3561,88
4,Cl-,continuous,0.53,0.53,3.7725,1.86,55.84,181.74,,,,,0,3561,88
1,Conductivity,continuous,36.5,36.5,208.0,80.65,749.25,1981.0,,,,,0,3561,88
5,DO,continuous,1.97,1.97,8.2725,6.5875,10.65,13.63,,,,,0,3561,88
11,Elevation,continuous,2.0,3.0,165.0,43.5,1075.0,1075.0,,,,,0,3561,88
9,NH4+-N,continuous,0.015,0.02,0.095,0.03,1.26,8.8,,,,,0,3561,88
8,NO3--N,continuous,0.23,0.23,0.29,0.23,0.95,2.0,,,,,0,3561,88
0,Temperature,continuous,19.04,19.04,27.01,24.805,32.22,34.0,12.626007807654473,19.04,26.688279655375595,32.22,<GA.substring object at 0x7f8c4669a0f0>,3561,88
6,Turbidity,continuous,0.0,0.2,5.07,1.3725,85.43,355.63,,,,,0,3561,88
2,pH,continuous,6.56,6.69,8.16,7.18,8.8,8.87,,,,,0,3561,88
10,velocity,continuous,0.0,0.0,0.4,0.0,1.0,1.5,,,,,0,3561,88
7,COD,continuous,5.0,5.0,22.5,8.73,60.0,117.6,57.74167924467582,73.11274189233889,88.26339883530142,89.51915168909697,<GA.substring object at 0x7f8c50404a90>,3561,89
3,Chlorophyll,continuous,0.73,0.73,5.6725,1.9225,25.43,66.84,,,,,0,3561,89
4,Cl-,continuous,0.53,0.53,3.7725,1.86,55.84,181.74,,,,,0,3561,89
1,Conductivity,continuous,36.5,36.5,208.0,80.65,749.25,1981.0,,,,,0,3561,89
5,DO,continuous,1.97,1.97,8.2725,6.5875,10.65,13.63,,,,,0,3561,89
11,Elevation,continuous,2.0,3.0,165.0,43.5,1075.0,1075.0,,,,,0,3561,89
9,NH4+-N,continuous,0.015,0.02,0.095,0.03,1.26,8.8,,,,,0,3561,89
8,NO3--N,continuous,0.23,0.23,0.29,0.23,0.95,2.0,,,,,0,3561,89
0,Temperature,continuous,19.04,19.04,27.01,24.805,32.22,34.0,12.626007807654473,19.04,26.688279655375595,32.22,<GA.substring object at 0x7f8c4669a0f0>,3561,89
6,Turbidity,continuous,0.0,0.2,5.07,1.3725,85.43,355.63,,,,,0,3561,89
2,pH,continuous,6.56,6.69,8.16,7.18,8.8,8.87,,,,,0,3561,89
10,velocity,continuous,0.0,0.0,0.4,0.0,1.0,1.5,,,,,0,3561,89
7,COD,continuous,5.0,5.0,22.5,8.73,60.0,117.6,5.098186060658886,6.37420198388135,79.16938437041418,89.06936450879131,<GA.substring object at 0x7f8c50404a90>,3561,90
3,Chlorophyll,continuous,0.73,0.73,5.6725,1.9225,25.43,66.84,,,,,0,3561,90
4,Cl-,continuous,0.53,0.53,3.7725,1.86,55.84,181.74,,,,,0,3561,90
1,Conductivity,continuous,36.5,36.5,208.0,80.65,749.25,1981.0,,,,,0,3561,90
5,DO,continuous,1.97,1.97,8.2725,6.5875,10.65,13.63,,,,,0,3561,90
11,Elevation,continuous,2.0,3.0,165.0,43.5,1075.0,1075.0,,,,,0,3561,90
9,NH4+-N,continuous,0.015,0.02,0.095,0.03,1.26,8.8,,,,,0,3561,90
8,NO3--N,continuous,0.23,0.23,0.29,0.23,0.95,2.0,,,,,0,3561,90
0,Temperature,continuous,19.04,19.04,27.01,24.805,32.22,34.0,12.626007807654473,19.04,26.688279655375595,32.22,<GA.substring object at 0x7f8c4669a0f0>,3561,90
6,Turbidity,continuous,0.0,0.2,5.07,1.3725,85.43,355.63,,,,,0,3561,90
2,pH,continuous,6.56,6.69,8.16,7.18,8.8,8.87,,,,,0,3561,90
10,velocity,continuous,0.0,0.0,0.4,0.0,1.0,1.5,,,,,0,3561,90
7,COD,continuous,5.0,5.0,22.5,8.73,60.0,117.6,26.713694044423626,50.22616586797099,79.16938437041418,84.26765348457761,<GA.substring object at 0x7f8c50404a90>,3561,91
3,Chlorophyll,continuous,0.73,0.73,5.6725,1.9225,25.43,66.84,,,,,0,3561,91
4,Cl-,continuous,0.53,0.53,3.7725,1.86,55.84,181.74,,,,,0,3561,91
1,Conductivity,continuous,36.5,36.5,208.0,80.65,749.25,1981.0,,,,,0,3561,91
5,DO,continuous,1.97,1.97,8.2725,6.5875,10.65,13.63,,,,,0,3561,91
11,Elevation,continuous,2.0,3.0,165.0,43.5,1075.0,1075.0,,,,,0,3561,91
9,NH4+-N,continuous,0.015,0.02,0.095,0.03,1.26,8.8,,,,,0,3561,91
8,NO3--N,continuous,0.23,0.23,0.29,0.23,0.95,2.0,,,,,0,3561,91
0,Temperature,continuous,19.04,19.04,27.01,24.805,32.22,34.0,12.626007807654473,19.04,26.688279655375595,32.22,<GA.substring object at 0x7f8c4669a0f0>,3561,91
6,Turbidity,continuous,0.0,0.2,5.07,1.3725,85.43,355.63,,,,,0,3561,91
2,pH,continuous,6.56,6.69,8.16,7.18,8.8,8.87,,,,,0,3561,91
10,velocity,continuous,0.0,0.0,0.4,0.0,1.0,1.5,,,,,0,3561,91
